actionId,productId,score,timestamp,userid
4,6,4,2018-09-18,1
1,4,1,2018-09-18,1
3,2,5,2018-09-18,1
2,10,3,2018-09-18,1
1,3,5,2018-09-18,2
2,2,3,2018-09-18,2
4,6,4,2018-09-18,2
2,10,4,2018-09-18,2
2,10,1,2018-09-18,3
4,2,4,2018-09-18,3
3,2,2,2018-09-18,3
2,8,2,2018-09-18,3
1,5,2,2018-09-18,4
2,8,1,2018-09-18,4
1,10,3,2018-09-18,4
2,4,2,2018-09-18,4
4,6,3,2018-09-18,5
3,1,3,2018-09-18,5
3,4,4,2018-09-18,5
2,8,5,2018-09-18,5
3,5,4,2018-09-18,6
1,2,5,2018-09-18,6
4,7,5,2018-09-18,6
3,3,3,2018-09-18,6
4,1,3,2018-09-18,7
3,5,1,2018-09-18,7
3,7,2,2018-09-18,7
1,5,4,2018-09-18,7
4,7,4,2018-09-18,8
2,1,5,2018-09-18,8
4,1,2,2018-09-18,8
1,3,1,2018-09-18,8
1,10,2,2018-09-18,9
4,7,5,2018-09-18,9
3,6,5,2018-09-18,9
4,3,2,2018-09-18,9
2,9,4,2018-09-18,10
1,4,1,2018-09-18,10
1,5,1,2018-09-18,10
4,7,4,2018-09-18,10
1,5,1,2018-09-18,11
2,3,5,2018-09-18,11
4,6,1,2018-09-18,11
3,3,3,2018-09-18,11
3,5,1,2018-09-18,12
4,9,2,2018-09-18,12
2,8,1,2018-09-18,12
3,9,4,2018-09-18,12
4,3,2,2018-09-18,13
1,5,5,2018-09-18,13
2,4,3,2018-09-18,13
1,9,3,2018-09-18,13
1,1,3,2018-09-18,14
3,9,3,2018-09-18,14
4,10,3,2018-09-18,14
2,7,2,2018-09-18,14
4,3,2,2018-09-18,15
1,8,2,2018-09-18,15
4,8,3,2018-09-18,15
2,4,3,2018-09-18,15
2,8,4,2018-09-18,16
3,5,5,2018-09-18,16
3,2,5,2018-09-18,16
2,7,3,2018-09-18,16
1,9,5,2018-09-18,17
2,7,1,2018-09-18,17
1,5,4,2018-09-18,17
3,6,4,2018-09-18,17
1,5,5,2018-09-18,18
4,1,5,2018-09-18,18
4,2,3,2018-09-18,18
3,5,1,2018-09-18,18
4,6,1,2018-09-18,19
1,10,4,2018-09-18,19
3,2,5,2018-09-18,19
1,8,4,2018-09-18,19
3,9,5,2018-09-18,20
4,4,1,2018-09-18,20
3,4,2,2018-09-18,20
4,5,1,2018-09-18,20
1,8,5,2018-09-18,21
4,10,4,2018-09-18,21
3,3,2,2018-09-18,21
2,5,2,2018-09-18,21
1,7,3,2018-09-18,22
4,8,4,2018-09-18,22
1,2,3,2018-09-18,22
2,3,3,2018-09-18,22
4,2,3,2018-09-18,23
2,1,1,2018-09-18,23
3,10,3,2018-09-18,23
4,6,2,2018-09-18,23
3,9,1,2018-09-18,24
4,7,1,2018-09-18,24
4,3,3,2018-09-18,24
1,9,2,2018-09-18,24
4,1,4,2018-09-18,25
2,5,4,2018-09-18,25
2,6,4,2018-09-18,25
3,10,1,2018-09-18,25
1,4,4,2018-09-18,26
4,6,4,2018-09-18,26
4,3,4,2018-09-18,26
1,8,4,2018-09-18,26
4,3,5,2018-09-18,27
2,6,2,2018-09-18,27
1,5,3,2018-09-18,27
4,3,3,2018-09-18,27
3,9,2,2018-09-18,28
2,2,3,2018-09-18,28
3,3,2,2018-09-18,28
2,10,4,2018-09-18,28
4,8,1,2018-09-18,29
1,6,3,2018-09-18,29
2,10,5,2018-09-18,29
3,4,2,2018-09-18,29
4,10,5,2018-09-18,30
2,2,4,2018-09-18,30
2,2,4,2018-09-18,30
3,4,2,2018-09-18,30
1,9,4,2018-09-18,31
3,7,4,2018-09-18,31
3,2,2,2018-09-18,31
2,9,3,2018-09-18,31
2,8,5,2018-09-18,32
4,2,1,2018-09-18,32
2,2,2,2018-09-18,32
1,6,3,2018-09-18,32
1,1,3,2018-09-18,33
4,10,1,2018-09-18,33
2,7,2,2018-09-18,33
4,8,4,2018-09-18,33
2,6,2,2018-09-18,34
1,3,1,2018-09-18,34
4,6,3,2018-09-18,34
1,10,2,2018-09-18,34
4,6,5,2018-09-18,35
2,2,3,2018-09-18,35
1,2,1,2018-09-18,35
3,1,5,2018-09-18,35
2,4,2,2018-09-18,36
1,3,3,2018-09-18,36
3,1,5,2018-09-18,36
4,8,3,2018-09-18,36
4,4,5,2018-09-18,37
1,9,2,2018-09-18,37
1,8,5,2018-09-18,37
3,9,1,2018-09-18,37
3,4,5,2018-09-18,38
4,2,2,2018-09-18,38
3,7,2,2018-09-18,38
1,10,1,2018-09-18,38
1,3,1,2018-09-18,39
2,4,4,2018-09-18,39
3,6,2,2018-09-18,39
4,2,4,2018-09-18,39
2,4,3,2018-09-18,40
3,6,2,2018-09-18,40
3,7,1,2018-09-18,40
2,6,2,2018-09-18,40
3,9,4,2018-09-18,41
2,7,1,2018-09-18,41
3,7,4,2018-09-18,41
2,9,2,2018-09-18,41
1,7,1,2018-09-18,42
2,4,3,2018-09-18,42
2,6,3,2018-09-18,42
4,4,4,2018-09-18,42
1,9,3,2018-09-18,43
3,2,1,2018-09-18,43
1,9,4,2018-09-18,43
3,10,2,2018-09-18,43
1,7,5,2018-09-18,44
2,2,1,2018-09-18,44
4,8,1,2018-09-18,44
3,5,1,2018-09-18,44
3,6,3,2018-09-18,45
4,7,3,2018-09-18,45
3,2,1,2018-09-18,45
1,9,4,2018-09-18,45
2,5,2,2018-09-18,46
4,2,2,2018-09-18,46
1,1,3,2018-09-18,46
3,5,4,2018-09-18,46
1,10,5,2018-09-18,47
4,4,3,2018-09-18,47
2,7,2,2018-09-18,47
1,10,1,2018-09-18,47
4,3,3,2018-09-18,48
1,10,2,2018-09-18,48
3,7,5,2018-09-18,48
4,8,1,2018-09-18,48
4,3,5,2018-09-18,49
3,9,3,2018-09-18,49
3,8,2,2018-09-18,49
2,7,4,2018-09-18,49
1,3,3,2018-09-18,50
2,9,3,2018-09-18,50
2,6,1,2018-09-18,50
3,7,3,2018-09-18,50
1,7,4,2018-09-18,51
2,3,4,2018-09-18,51
1,1,5,2018-09-18,51
3,8,5,2018-09-18,51
3,8,2,2018-09-18,52
4,9,1,2018-09-18,52
4,4,1,2018-09-18,52
1,10,3,2018-09-18,52
4,3,2,2018-09-18,53
1,5,1,2018-09-18,53
4,6,1,2018-09-18,53
3,3,4,2018-09-18,53
3,6,5,2018-09-18,54
4,9,3,2018-09-18,54
1,3,4,2018-09-18,54
2,7,4,2018-09-18,54
1,10,2,2018-09-18,55
2,2,4,2018-09-18,55
4,8,2,2018-09-18,55
3,5,3,2018-09-18,55
2,8,5,2018-09-18,56
3,1,1,2018-09-18,56
3,8,3,2018-09-18,56
2,9,4,2018-09-18,56
3,5,4,2018-09-18,57
4,2,1,2018-09-18,57
1,6,4,2018-09-18,57
4,1,2,2018-09-18,57
3,6,2,2018-09-18,58
4,2,5,2018-09-18,58
2,9,2,2018-09-18,58
4,1,3,2018-09-18,58
2,7,3,2018-09-18,59
1,3,1,2018-09-18,59
3,5,4,2018-09-18,59
2,3,2,2018-09-18,59
1,5,5,2018-09-18,60
2,4,4,2018-09-18,60
3,6,3,2018-09-18,60
4,4,3,2018-09-18,60
2,2,4,2018-09-18,61
3,1,1,2018-09-18,61
2,9,4,2018-09-18,61
4,1,5,2018-09-18,61
3,8,4,2018-09-18,62
4,4,1,2018-09-18,62
4,3,1,2018-09-18,62
2,7,2,2018-09-18,62
2,6,4,2018-09-18,63
4,5,4,2018-09-18,63
4,9,4,2018-09-18,63
3,5,5,2018-09-18,63
3,9,1,2018-09-18,64
4,6,3,2018-09-18,64
2,5,3,2018-09-18,64
4,7,2,2018-09-18,64
1,10,4,2018-09-18,65
3,1,3,2018-09-18,65
1,10,3,2018-09-18,65
3,7,5,2018-09-18,65
2,5,3,2018-09-18,66
4,3,2,2018-09-18,66
2,6,1,2018-09-18,66
3,3,1,2018-09-18,66
4,9,4,2018-09-18,67
3,7,4,2018-09-18,67
3,6,2,2018-09-18,67
4,3,4,2018-09-18,67
2,2,5,2018-09-18,68
3,1,3,2018-09-18,68
3,10,3,2018-09-18,68
2,5,2,2018-09-18,68
2,2,1,2018-09-18,69
3,6,2,2018-09-18,69
2,7,4,2018-09-18,69
1,1,5,2018-09-18,69
3,5,2,2018-09-18,70
4,8,1,2018-09-18,70
1,1,5,2018-09-18,70
2,2,5,2018-09-18,70
1,5,3,2018-09-18,71
3,8,4,2018-09-18,71
1,2,4,2018-09-18,71
2,3,1,2018-09-18,71
2,6,5,2018-09-18,72
4,1,5,2018-09-18,72
4,6,5,2018-09-18,72
3,5,4,2018-09-18,72
2,3,4,2018-09-18,73
1,2,4,2018-09-18,73
1,9,5,2018-09-18,73
2,4,5,2018-09-18,73
1,7,1,2018-09-18,74
4,6,5,2018-09-18,74
2,8,4,2018-09-18,74
1,7,4,2018-09-18,74
1,9,2,2018-09-18,75
2,10,2,2018-09-18,75
3,7,4,2018-09-18,75
2,3,4,2018-09-18,75
1,3,1,2018-09-18,76
2,2,4,2018-09-18,76
2,6,2,2018-09-18,76
3,3,5,2018-09-18,76
3,6,3,2018-09-18,77
1,8,4,2018-09-18,77
4,3,2,2018-09-18,77
3,6,2,2018-09-18,77
4,10,3,2018-09-18,78
2,2,5,2018-09-18,78
2,9,5,2018-09-18,78
4,6,1,2018-09-18,78
3,8,3,2018-09-18,79
2,1,1,2018-09-18,79
4,5,2,2018-09-18,79
1,7,1,2018-09-18,79
2,8,5,2018-09-18,80
4,6,5,2018-09-18,80
1,4,4,2018-09-18,80
2,8,4,2018-09-18,80
3,9,4,2018-09-18,81
4,1,3,2018-09-18,81
2,6,3,2018-09-18,81
3,3,2,2018-09-18,81
1,1,2,2018-09-18,82
4,7,5,2018-09-18,82
4,1,5,2018-09-18,82
3,2,5,2018-09-18,82
3,7,2,2018-09-18,83
2,9,1,2018-09-18,83
4,1,4,2018-09-18,83
3,2,5,2018-09-18,83
2,3,3,2018-09-18,84
1,10,2,2018-09-18,84
2,2,2,2018-09-18,84
4,6,3,2018-09-18,84
1,2,3,2018-09-18,85
3,1,2,2018-09-18,85
3,8,3,2018-09-18,85
4,6,2,2018-09-18,85
1,6,5,2018-09-18,86
3,1,2,2018-09-18,86
2,6,5,2018-09-18,86
3,5,4,2018-09-18,86
1,1,2,2018-09-18,87
3,8,1,2018-09-18,87
2,9,1,2018-09-18,87
1,10,4,2018-09-18,87
3,5,2,2018-09-18,88
4,2,1,2018-09-18,88
4,4,4,2018-09-18,88
2,2,3,2018-09-18,88
1,10,3,2018-09-18,89
4,7,2,2018-09-18,89
2,10,1,2018-09-18,89
3,4,4,2018-09-18,89
4,3,4,2018-09-18,90
3,4,2,2018-09-18,90
3,2,5,2018-09-18,90
1,6,2,2018-09-18,90
2,7,1,2018-09-18,91
3,4,4,2018-09-18,91
4,5,2,2018-09-18,91
3,3,1,2018-09-18,91
2,1,4,2018-09-18,92
1,3,1,2018-09-18,92
4,8,5,2018-09-18,92
2,10,3,2018-09-18,92
4,10,2,2018-09-18,93
3,6,5,2018-09-18,93
3,6,1,2018-09-18,93
1,5,4,2018-09-18,93
2,9,2,2018-09-18,94
4,1,3,2018-09-18,94
2,9,4,2018-09-18,94
4,1,5,2018-09-18,94
3,1,2,2018-09-18,95
4,3,4,2018-09-18,95
1,10,4,2018-09-18,95
3,2,3,2018-09-18,95
4,4,5,2018-09-18,96
3,9,4,2018-09-18,96
2,8,1,2018-09-18,96
3,3,3,2018-09-18,96
3,5,3,2018-09-18,97
2,7,4,2018-09-18,97
4,6,3,2018-09-18,97
3,9,4,2018-09-18,97
1,8,4,2018-09-18,98
2,5,4,2018-09-18,98
3,7,2,2018-09-18,98
4,6,3,2018-09-18,98
4,8,3,2018-09-18,99
1,2,4,2018-09-18,99
3,6,5,2018-09-18,99
2,2,5,2018-09-18,99
4,4,4,2018-09-18,100
2,6,2,2018-09-18,100
2,8,5,2018-09-18,100
4,7,1,2018-09-18,100
3,3,5,2018-09-18,101
4,7,2,2018-09-18,101
4,4,1,2018-09-18,101
3,5,1,2018-09-18,101
3,6,1,2018-09-18,102
1,7,5,2018-09-18,102
4,2,4,2018-09-18,102
2,6,3,2018-09-18,102
3,2,2,2018-09-18,103
4,4,2,2018-09-18,103
1,10,4,2018-09-18,103
3,6,5,2018-09-18,103
2,3,3,2018-09-18,104
1,5,1,2018-09-18,104
4,2,2,2018-09-18,104
1,3,4,2018-09-18,104
4,4,5,2018-09-18,105
3,8,5,2018-09-18,105
4,8,3,2018-09-18,105
2,9,4,2018-09-18,105
1,2,3,2018-09-18,106
2,6,2,2018-09-18,106
4,7,1,2018-09-18,106
1,6,4,2018-09-18,106
2,10,3,2018-09-18,107
4,5,3,2018-09-18,107
3,8,4,2018-09-18,107
2,6,3,2018-09-18,107
3,5,2,2018-09-18,108
1,1,3,2018-09-18,108
2,7,4,2018-09-18,108
1,10,1,2018-09-18,108
2,10,4,2018-09-18,109
4,5,2,2018-09-18,109
3,10,3,2018-09-18,109
2,8,5,2018-09-18,109
2,2,1,2018-09-18,110
4,1,1,2018-09-18,110
1,4,5,2018-09-18,110
3,1,2,2018-09-18,110
2,10,4,2018-09-18,111
4,4,4,2018-09-18,111
3,9,2,2018-09-18,111
1,5,5,2018-09-18,111
4,9,5,2018-09-18,112
2,6,1,2018-09-18,112
2,3,3,2018-09-18,112
1,5,2,2018-09-18,112
3,7,3,2018-09-18,113
2,10,2,2018-09-18,113
3,1,2,2018-09-18,113
1,9,2,2018-09-18,113
3,9,5,2018-09-18,114
4,10,1,2018-09-18,114
2,6,3,2018-09-18,114
1,4,5,2018-09-18,114
1,6,2,2018-09-18,115
4,8,5,2018-09-18,115
1,10,5,2018-09-18,115
2,9,2,2018-09-18,115
3,8,2,2018-09-18,116
1,6,5,2018-09-18,116
4,10,5,2018-09-18,116
1,8,1,2018-09-18,116
3,2,4,2018-09-18,117
4,3,5,2018-09-18,117
2,8,2,2018-09-18,117
3,5,2,2018-09-18,117
2,7,3,2018-09-18,118
3,6,1,2018-09-18,118
1,4,2,2018-09-18,118
3,1,5,2018-09-18,118
4,8,3,2018-09-18,119
1,6,3,2018-09-18,119
3,3,3,2018-09-18,119
4,6,3,2018-09-18,119
1,1,2,2018-09-18,120
4,5,2,2018-09-18,120
2,8,2,2018-09-18,120
1,3,3,2018-09-18,120
4,4,3,2018-09-18,121
2,10,3,2018-09-18,121
2,7,3,2018-09-18,121
3,6,2,2018-09-18,121
4,7,1,2018-09-18,122
2,8,5,2018-09-18,122
3,9,3,2018-09-18,122
2,2,2,2018-09-18,122
4,2,3,2018-09-18,123
1,5,5,2018-09-18,123
3,3,4,2018-09-18,123
4,6,4,2018-09-18,123
1,2,5,2018-09-18,124
2,3,2,2018-09-18,124
3,4,1,2018-09-18,124
4,9,2,2018-09-18,124
1,5,5,2018-09-18,125
2,2,4,2018-09-18,125
3,7,2,2018-09-18,125
1,8,5,2018-09-18,125
4,3,1,2018-09-18,126
1,5,3,2018-09-18,126
3,2,2,2018-09-18,126
1,8,5,2018-09-18,126
3,3,3,2018-09-18,127
4,4,2,2018-09-18,127
2,2,5,2018-09-18,127
4,6,3,2018-09-18,127
1,4,3,2018-09-18,128
2,9,1,2018-09-18,128
2,3,4,2018-09-18,128
1,2,1,2018-09-18,128
3,8,4,2018-09-18,129
1,1,2,2018-09-18,129
4,2,5,2018-09-18,129
1,3,4,2018-09-18,129
2,6,4,2018-09-18,130
3,7,3,2018-09-18,130
1,7,4,2018-09-18,130
4,6,4,2018-09-18,130
2,3,3,2018-09-18,131
4,1,2,2018-09-18,131
3,10,5,2018-09-18,131
2,4,4,2018-09-18,131
2,7,2,2018-09-18,132
1,4,2,2018-09-18,132
1,7,4,2018-09-18,132
3,8,3,2018-09-18,132
2,10,3,2018-09-18,133
4,4,2,2018-09-18,133
3,3,5,2018-09-18,133
4,4,3,2018-09-18,133
2,6,5,2018-09-18,134
3,10,1,2018-09-18,134
3,2,2,2018-09-18,134
4,10,5,2018-09-18,134
1,3,4,2018-09-18,135
4,10,2,2018-09-18,135
2,5,2,2018-09-18,135
3,3,3,2018-09-18,135
4,9,5,2018-09-18,136
2,10,4,2018-09-18,136
4,1,5,2018-09-18,136
1,8,4,2018-09-18,136
1,3,3,2018-09-18,137
2,8,4,2018-09-18,137
1,5,3,2018-09-18,137
2,7,4,2018-09-18,137
2,8,3,2018-09-18,138
4,7,5,2018-09-18,138
2,10,2,2018-09-18,138
3,9,1,2018-09-18,138
1,2,1,2018-09-18,139
3,8,4,2018-09-18,139
3,1,3,2018-09-18,139
2,4,3,2018-09-18,139
1,3,5,2018-09-18,140
2,1,5,2018-09-18,140
4,9,3,2018-09-18,140
3,5,2,2018-09-18,140
4,10,5,2018-09-18,141
3,4,5,2018-09-18,141
4,4,3,2018-09-18,141
2,6,1,2018-09-18,141
1,9,3,2018-09-18,142
3,1,2,2018-09-18,142
4,10,4,2018-09-18,142
2,9,2,2018-09-18,142
1,4,1,2018-09-18,143
3,7,5,2018-09-18,143
3,3,5,2018-09-18,143
1,5,3,2018-09-18,143
3,8,5,2018-09-18,144
1,6,1,2018-09-18,144
3,3,4,2018-09-18,144
4,5,5,2018-09-18,144
4,9,1,2018-09-18,145
2,3,5,2018-09-18,145
4,4,4,2018-09-18,145
1,1,4,2018-09-18,145
1,4,4,2018-09-18,146
4,1,2,2018-09-18,146
3,4,4,2018-09-18,146
2,9,3,2018-09-18,146
2,9,2,2018-09-18,147
4,4,1,2018-09-18,147
1,3,4,2018-09-18,147
2,10,4,2018-09-18,147
2,6,5,2018-09-18,148
4,8,5,2018-09-18,148
4,9,5,2018-09-18,148
1,2,3,2018-09-18,148
3,6,1,2018-09-18,149
1,1,2,2018-09-18,149
3,9,2,2018-09-18,149
2,7,1,2018-09-18,149
3,7,5,2018-09-18,150
1,1,1,2018-09-18,150
1,10,1,2018-09-18,150
3,4,4,2018-09-18,150
1,1,2,2018-09-18,151
2,10,4,2018-09-18,151
2,8,4,2018-09-18,151
1,2,1,2018-09-18,151
1,5,5,2018-09-18,152
2,6,3,2018-09-18,152
1,5,3,2018-09-18,152
2,6,1,2018-09-18,152
3,1,1,2018-09-18,153
4,3,5,2018-09-18,153
2,4,1,2018-09-18,153
3,3,4,2018-09-18,153
2,7,2,2018-09-18,154
4,3,2,2018-09-18,154
1,5,4,2018-09-18,154
3,3,2,2018-09-18,154
4,10,5,2018-09-18,155
1,4,1,2018-09-18,155
2,4,4,2018-09-18,155
3,3,4,2018-09-18,155
3,2,3,2018-09-18,156
2,3,3,2018-09-18,156
2,2,3,2018-09-18,156
1,4,1,2018-09-18,156
1,9,2,2018-09-18,157
4,1,4,2018-09-18,157
4,5,1,2018-09-18,157
3,9,1,2018-09-18,157
1,6,2,2018-09-18,158
3,4,4,2018-09-18,158
2,1,4,2018-09-18,158
4,10,5,2018-09-18,158
3,4,1,2018-09-18,159
4,3,4,2018-09-18,159
4,9,3,2018-09-18,159
3,3,1,2018-09-18,159
2,2,2,2018-09-18,160
3,5,5,2018-09-18,160
1,3,1,2018-09-18,160
4,6,4,2018-09-18,160
4,4,1,2018-09-18,161
2,3,2,2018-09-18,161
2,3,2,2018-09-18,161
1,9,3,2018-09-18,161
4,8,1,2018-09-18,162
2,9,4,2018-09-18,162
2,5,5,2018-09-18,162
4,3,1,2018-09-18,162
3,7,4,2018-09-18,163
2,10,4,2018-09-18,163
4,2,4,2018-09-18,163
3,3,4,2018-09-18,163
3,2,1,2018-09-18,164
2,6,5,2018-09-18,164
2,6,5,2018-09-18,164
3,7,1,2018-09-18,164
3,10,5,2018-09-18,165
4,2,4,2018-09-18,165
1,1,3,2018-09-18,165
4,10,1,2018-09-18,165
4,5,3,2018-09-18,166
2,8,5,2018-09-18,166
2,2,2,2018-09-18,166
4,9,4,2018-09-18,166
3,2,5,2018-09-18,167
4,5,4,2018-09-18,167
4,6,3,2018-09-18,167
1,8,4,2018-09-18,167
1,7,5,2018-09-18,168
3,1,1,2018-09-18,168
4,3,1,2018-09-18,168
3,6,5,2018-09-18,168
1,2,3,2018-09-18,169
3,7,1,2018-09-18,169
4,8,5,2018-09-18,169
3,3,3,2018-09-18,169
1,6,5,2018-09-18,170
4,2,1,2018-09-18,170
4,8,2,2018-09-18,170
1,7,5,2018-09-18,170
3,2,2,2018-09-18,171
2,3,3,2018-09-18,171
3,8,5,2018-09-18,171
2,3,2,2018-09-18,171
3,2,2,2018-09-18,172
2,7,5,2018-09-18,172
4,1,5,2018-09-18,172
3,3,2,2018-09-18,172
3,8,3,2018-09-18,173
1,9,3,2018-09-18,173
3,6,4,2018-09-18,173
2,5,4,2018-09-18,173
4,4,1,2018-09-18,174
1,10,5,2018-09-18,174
2,9,3,2018-09-18,174
1,6,2,2018-09-18,174
4,1,1,2018-09-18,175
3,4,3,2018-09-18,175
1,5,1,2018-09-18,175
4,2,5,2018-09-18,175
1,5,1,2018-09-18,176
3,3,3,2018-09-18,176
1,3,3,2018-09-18,176
2,6,3,2018-09-18,176
1,8,1,2018-09-18,177
4,2,2,2018-09-18,177
2,9,1,2018-09-18,177
4,4,1,2018-09-18,177
4,9,4,2018-09-18,178
1,3,1,2018-09-18,178
4,10,3,2018-09-18,178
1,8,3,2018-09-18,178
4,3,3,2018-09-18,179
1,7,3,2018-09-18,179
4,4,3,2018-09-18,179
2,9,3,2018-09-18,179
4,6,3,2018-09-18,180
1,4,5,2018-09-18,180
2,6,3,2018-09-18,180
4,7,5,2018-09-18,180
4,10,2,2018-09-18,181
1,9,3,2018-09-18,181
2,2,4,2018-09-18,181
4,1,1,2018-09-18,181
1,3,1,2018-09-18,182
4,6,2,2018-09-18,182
3,10,1,2018-09-18,182
2,6,3,2018-09-18,182
2,2,4,2018-09-18,183
1,1,4,2018-09-18,183
3,7,3,2018-09-18,183
2,9,1,2018-09-18,183
1,9,4,2018-09-18,184
2,4,2,2018-09-18,184
1,5,3,2018-09-18,184
3,3,3,2018-09-18,184
2,9,5,2018-09-18,185
3,8,2,2018-09-18,185
2,5,5,2018-09-18,185
4,6,3,2018-09-18,185
4,8,4,2018-09-18,186
2,7,2,2018-09-18,186
2,2,3,2018-09-18,186
1,10,4,2018-09-18,186
3,9,5,2018-09-18,187
2,10,2,2018-09-18,187
1,5,1,2018-09-18,187
2,8,5,2018-09-18,187
2,10,3,2018-09-18,188
3,5,3,2018-09-18,188
2,9,4,2018-09-18,188
4,7,1,2018-09-18,188
1,9,1,2018-09-18,189
2,4,5,2018-09-18,189
1,4,5,2018-09-18,189
3,6,3,2018-09-18,189
3,1,5,2018-09-18,190
2,3,3,2018-09-18,190
4,3,4,2018-09-18,190
2,6,3,2018-09-18,190
4,6,1,2018-09-18,191
2,9,4,2018-09-18,191
1,5,3,2018-09-18,191
4,6,4,2018-09-18,191
2,9,3,2018-09-18,192
1,1,3,2018-09-18,192
1,4,4,2018-09-18,192
2,8,4,2018-09-18,192
3,9,5,2018-09-18,193
1,4,5,2018-09-18,193
2,10,5,2018-09-18,193
1,7,2,2018-09-18,193
4,3,2,2018-09-18,194
2,6,4,2018-09-18,194
4,2,1,2018-09-18,194
3,8,1,2018-09-18,194
3,2,1,2018-09-18,195
1,1,1,2018-09-18,195
1,7,5,2018-09-18,195
4,10,1,2018-09-18,195
4,5,4,2018-09-18,196
2,7,4,2018-09-18,196
4,10,4,2018-09-18,196
3,4,5,2018-09-18,196
3,1,5,2018-09-18,197
4,8,3,2018-09-18,197
3,2,1,2018-09-18,197
2,4,1,2018-09-18,197
3,2,1,2018-09-18,198
4,7,3,2018-09-18,198
3,7,1,2018-09-18,198
4,3,1,2018-09-18,198
1,1,1,2018-09-18,199
4,9,1,2018-09-18,199
3,3,2,2018-09-18,199
1,9,4,2018-09-18,199
4,9,1,2018-09-18,200
1,3,3,2018-09-18,200
2,5,2,2018-09-18,200
4,3,1,2018-09-18,200
2,4,2,2018-09-18,201
3,8,5,2018-09-18,201
1,4,4,2018-09-18,201
2,3,5,2018-09-18,201
4,6,3,2018-09-18,202
2,4,4,2018-09-18,202
3,7,1,2018-09-18,202
1,9,5,2018-09-18,202
1,3,1,2018-09-18,203
4,8,5,2018-09-18,203
2,2,3,2018-09-18,203
1,4,3,2018-09-18,203
2,4,3,2018-09-18,204
3,9,3,2018-09-18,204
1,1,5,2018-09-18,204
3,7,3,2018-09-18,204
2,3,3,2018-09-18,205
1,1,4,2018-09-18,205
2,1,1,2018-09-18,205
1,5,3,2018-09-18,205
2,9,5,2018-09-18,206
3,3,2,2018-09-18,206
3,1,3,2018-09-18,206
4,6,1,2018-09-18,206
1,3,3,2018-09-18,207
3,10,2,2018-09-18,207
1,7,3,2018-09-18,207
4,2,5,2018-09-18,207
1,8,2,2018-09-18,208
4,6,2,2018-09-18,208
1,3,1,2018-09-18,208
2,9,2,2018-09-18,208
1,5,1,2018-09-18,209
3,9,3,2018-09-18,209
3,4,5,2018-09-18,209
1,2,4,2018-09-18,209
3,1,1,2018-09-18,210
2,10,1,2018-09-18,210
4,4,4,2018-09-18,210
3,8,5,2018-09-18,210
3,6,2,2018-09-18,211
4,2,2,2018-09-18,211
3,8,3,2018-09-18,211
4,9,4,2018-09-18,211
1,10,5,2018-09-18,212
4,9,3,2018-09-18,212
3,2,4,2018-09-18,212
1,4,2,2018-09-18,212
3,5,5,2018-09-18,213
1,4,1,2018-09-18,213
1,10,5,2018-09-18,213
2,2,2,2018-09-18,213
1,8,2,2018-09-18,214
3,6,3,2018-09-18,214
1,2,3,2018-09-18,214
4,8,5,2018-09-18,214
4,8,1,2018-09-18,215
2,1,2,2018-09-18,215
1,10,2,2018-09-18,215
3,1,1,2018-09-18,215
2,8,2,2018-09-18,216
1,3,5,2018-09-18,216
1,10,2,2018-09-18,216
4,7,4,2018-09-18,216
2,3,1,2018-09-18,217
3,10,2,2018-09-18,217
1,1,2,2018-09-18,217
2,2,5,2018-09-18,217
3,1,5,2018-09-18,218
4,6,3,2018-09-18,218
4,2,4,2018-09-18,218
1,3,1,2018-09-18,218
4,10,1,2018-09-18,219
1,7,5,2018-09-18,219
4,4,2,2018-09-18,219
1,6,4,2018-09-18,219
2,2,2,2018-09-18,220
3,1,4,2018-09-18,220
2,10,5,2018-09-18,220
3,9,4,2018-09-18,220
2,7,5,2018-09-18,221
1,4,3,2018-09-18,221
1,1,5,2018-09-18,221
3,8,2,2018-09-18,221
1,4,3,2018-09-18,222
2,3,5,2018-09-18,222
1,10,5,2018-09-18,222
2,7,5,2018-09-18,222
4,6,5,2018-09-18,223
2,8,1,2018-09-18,223
4,4,2,2018-09-18,223
3,9,3,2018-09-18,223
1,10,2,2018-09-18,224
3,2,3,2018-09-18,224
4,2,5,2018-09-18,224
1,1,2,2018-09-18,224
2,7,2,2018-09-18,225
4,4,3,2018-09-18,225
2,1,1,2018-09-18,225
1,6,3,2018-09-18,225
2,7,4,2018-09-18,226
3,9,2,2018-09-18,226
3,8,2,2018-09-18,226
1,6,4,2018-09-18,226
3,9,1,2018-09-18,227
2,3,4,2018-09-18,227
3,7,5,2018-09-18,227
4,9,2,2018-09-18,227
4,7,4,2018-09-18,228
1,9,4,2018-09-18,228
4,4,3,2018-09-18,228
2,5,4,2018-09-18,228
3,3,2,2018-09-18,229
4,4,1,2018-09-18,229
2,5,4,2018-09-18,229
3,1,2,2018-09-18,229
2,8,2,2018-09-18,230
4,1,5,2018-09-18,230
2,10,1,2018-09-18,230
3,1,3,2018-09-18,230
1,4,3,2018-09-18,231
4,2,5,2018-09-18,231
2,7,2,2018-09-18,231
1,10,2,2018-09-18,231
3,3,2,2018-09-18,232
2,9,2,2018-09-18,232
2,5,3,2018-09-18,232
1,8,1,2018-09-18,232
2,9,2,2018-09-18,233
3,4,2,2018-09-18,233
1,6,3,2018-09-18,233
3,2,5,2018-09-18,233
2,6,4,2018-09-18,234
1,10,4,2018-09-18,234
4,4,4,2018-09-18,234
2,7,2,2018-09-18,234
4,5,4,2018-09-18,235
3,1,2,2018-09-18,235
1,1,1,2018-09-18,235
3,2,4,2018-09-18,235
3,5,2,2018-09-18,236
4,8,4,2018-09-18,236
4,2,5,2018-09-18,236
3,10,2,2018-09-18,236
4,1,2,2018-09-18,237
2,9,3,2018-09-18,237
2,6,2,2018-09-18,237
3,10,3,2018-09-18,237
3,3,1,2018-09-18,238
2,5,3,2018-09-18,238
1,2,5,2018-09-18,238
3,4,1,2018-09-18,238
3,3,2,2018-09-18,239
1,4,5,2018-09-18,239
3,10,3,2018-09-18,239
2,1,1,2018-09-18,239
3,2,4,2018-09-18,240
4,4,4,2018-09-18,240
4,6,3,2018-09-18,240
2,2,5,2018-09-18,240
2,5,5,2018-09-18,241
3,2,1,2018-09-18,241
2,9,3,2018-09-18,241
4,2,5,2018-09-18,241
1,4,1,2018-09-18,242
3,6,2,2018-09-18,242
1,7,5,2018-09-18,242
4,10,1,2018-09-18,242
3,2,3,2018-09-18,243
1,9,5,2018-09-18,243
4,8,5,2018-09-18,243
3,10,3,2018-09-18,243
2,2,1,2018-09-18,244
3,1,5,2018-09-18,244
1,5,3,2018-09-18,244
2,1,4,2018-09-18,244
4,8,4,2018-09-18,245
3,6,1,2018-09-18,245
3,7,2,2018-09-18,245
4,2,3,2018-09-18,245
1,3,1,2018-09-18,246
3,9,5,2018-09-18,246
3,8,4,2018-09-18,246
1,3,4,2018-09-18,246
3,2,4,2018-09-18,247
4,4,3,2018-09-18,247
4,3,3,2018-09-18,247
2,1,1,2018-09-18,247
3,7,3,2018-09-18,248
4,8,2,2018-09-18,248
3,3,3,2018-09-18,248
2,4,5,2018-09-18,248
4,2,4,2018-09-18,249
3,4,1,2018-09-18,249
3,2,4,2018-09-18,249
4,4,1,2018-09-18,249
3,3,3,2018-09-18,250
4,4,3,2018-09-18,250
1,6,5,2018-09-18,250
3,5,3,2018-09-18,250
1,7,3,2018-09-18,251
4,2,4,2018-09-18,251
3,9,3,2018-09-18,251
1,2,1,2018-09-18,251
4,6,3,2018-09-18,252
2,3,1,2018-09-18,252
1,9,2,2018-09-18,252
3,8,3,2018-09-18,252
1,5,5,2018-09-18,253
4,4,1,2018-09-18,253
4,8,4,2018-09-18,253
1,5,4,2018-09-18,253
1,8,4,2018-09-18,254
4,3,5,2018-09-18,254
3,7,3,2018-09-18,254
2,9,1,2018-09-18,254
3,10,3,2018-09-18,255
4,7,2,2018-09-18,255
4,6,2,2018-09-18,255
1,1,2,2018-09-18,255
2,10,3,2018-09-18,256
3,9,2,2018-09-18,256
3,2,5,2018-09-18,256
1,4,5,2018-09-18,256
1,7,5,2018-09-18,257
4,2,5,2018-09-18,257
2,5,1,2018-09-18,257
3,2,5,2018-09-18,257
3,2,4,2018-09-18,258
2,5,5,2018-09-18,258
3,6,3,2018-09-18,258
4,3,4,2018-09-18,258
1,10,5,2018-09-18,259
4,6,1,2018-09-18,259
1,2,2,2018-09-18,259
2,3,4,2018-09-18,259
4,2,5,2018-09-18,260
2,1,3,2018-09-18,260
4,8,2,2018-09-18,260
2,1,2,2018-09-18,260
4,10,1,2018-09-18,261
1,8,2,2018-09-18,261
2,9,3,2018-09-18,261
4,1,3,2018-09-18,261
4,5,2,2018-09-18,262
3,7,3,2018-09-18,262
3,9,1,2018-09-18,262
4,6,4,2018-09-18,262
1,4,5,2018-09-18,263
3,3,5,2018-09-18,263
2,5,1,2018-09-18,263
3,6,3,2018-09-18,263
2,3,2,2018-09-18,264
4,8,3,2018-09-18,264
1,3,4,2018-09-18,264
2,1,3,2018-09-18,264
1,5,1,2018-09-18,265
3,9,2,2018-09-18,265
4,6,5,2018-09-18,265
2,3,2,2018-09-18,265
4,9,2,2018-09-18,266
1,2,1,2018-09-18,266
3,10,5,2018-09-18,266
4,5,1,2018-09-18,266
1,5,1,2018-09-18,267
2,9,2,2018-09-18,267
4,7,3,2018-09-18,267
1,5,2,2018-09-18,267
1,9,1,2018-09-18,268
4,3,1,2018-09-18,268
3,2,1,2018-09-18,268
4,5,3,2018-09-18,268
4,9,4,2018-09-18,269
1,1,1,2018-09-18,269
1,4,2,2018-09-18,269
2,1,5,2018-09-18,269
3,7,3,2018-09-18,270
2,8,4,2018-09-18,270
1,5,2,2018-09-18,270
4,6,5,2018-09-18,270
1,5,5,2018-09-18,271
2,10,2,2018-09-18,271
1,2,1,2018-09-18,271
2,5,5,2018-09-18,271
3,2,4,2018-09-18,272
1,10,3,2018-09-18,272
3,8,5,2018-09-18,272
4,6,2,2018-09-18,272
4,6,1,2018-09-18,273
3,2,1,2018-09-18,273
3,4,4,2018-09-18,273
1,3,1,2018-09-18,273
4,2,3,2018-09-18,274
3,8,3,2018-09-18,274
4,2,5,2018-09-18,274
3,8,1,2018-09-18,274
3,5,5,2018-09-18,275
4,4,4,2018-09-18,275
2,2,3,2018-09-18,275
3,9,2,2018-09-18,275
3,10,2,2018-09-18,276
2,8,4,2018-09-18,276
1,8,5,2018-09-18,276
3,1,1,2018-09-18,276
3,4,2,2018-09-18,277
2,8,5,2018-09-18,277
4,1,3,2018-09-18,277
3,10,4,2018-09-18,277
3,2,4,2018-09-18,278
2,6,4,2018-09-18,278
1,2,1,2018-09-18,278
4,3,3,2018-09-18,278
4,2,2,2018-09-18,279
3,1,5,2018-09-18,279
2,10,3,2018-09-18,279
3,4,2,2018-09-18,279
2,4,3,2018-09-18,280
1,8,4,2018-09-18,280
3,8,1,2018-09-18,280
1,3,4,2018-09-18,280
3,1,1,2018-09-18,281
1,5,4,2018-09-18,281
3,6,4,2018-09-18,281
2,3,3,2018-09-18,281
3,1,5,2018-09-18,282
2,6,3,2018-09-18,282
3,7,1,2018-09-18,282
2,10,2,2018-09-18,282
1,2,3,2018-09-18,283
3,10,4,2018-09-18,283
3,3,4,2018-09-18,283
1,6,2,2018-09-18,283
2,1,5,2018-09-18,284
3,8,2,2018-09-18,284
3,9,3,2018-09-18,284
4,4,3,2018-09-18,284
3,10,3,2018-09-18,285
1,5,1,2018-09-18,285
2,3,5,2018-09-18,285
4,6,1,2018-09-18,285
2,9,2,2018-09-18,286
1,6,3,2018-09-18,286
4,1,4,2018-09-18,286
2,2,2,2018-09-18,286
1,10,3,2018-09-18,287
2,2,3,2018-09-18,287
3,9,1,2018-09-18,287
2,4,4,2018-09-18,287
2,3,1,2018-09-18,288
3,2,5,2018-09-18,288
4,6,3,2018-09-18,288
3,1,1,2018-09-18,288
3,3,5,2018-09-18,289
2,8,1,2018-09-18,289
3,2,2,2018-09-18,289
2,5,5,2018-09-18,289
3,1,5,2018-09-18,290
4,7,4,2018-09-18,290
2,3,1,2018-09-18,290
1,4,4,2018-09-18,290
4,6,1,2018-09-18,291
1,5,5,2018-09-18,291
4,8,3,2018-09-18,291
2,5,5,2018-09-18,291
4,7,4,2018-09-18,292
3,4,1,2018-09-18,292
3,10,3,2018-09-18,292
2,7,1,2018-09-18,292
4,3,5,2018-09-18,293
2,6,3,2018-09-18,293
4,5,3,2018-09-18,293
3,3,1,2018-09-18,293
4,3,4,2018-09-18,294
3,6,3,2018-09-18,294
3,5,5,2018-09-18,294
4,4,5,2018-09-18,294
2,3,3,2018-09-18,295
1,10,5,2018-09-18,295
4,1,2,2018-09-18,295
1,5,1,2018-09-18,295
1,1,5,2018-09-18,296
2,3,5,2018-09-18,296
3,3,4,2018-09-18,296
1,1,1,2018-09-18,296
4,8,3,2018-09-18,297
3,3,1,2018-09-18,297
4,4,2,2018-09-18,297
2,5,5,2018-09-18,297
1,4,2,2018-09-18,298
2,9,1,2018-09-18,298
1,9,1,2018-09-18,298
2,2,2,2018-09-18,298
2,5,1,2018-09-18,299
3,10,4,2018-09-18,299
3,2,5,2018-09-18,299
1,7,4,2018-09-18,299
2,7,1,2018-09-18,300
1,9,5,2018-09-18,300
4,7,2,2018-09-18,300
2,5,3,2018-09-18,300
2,7,1,2018-09-18,301
3,10,5,2018-09-18,301
1,3,2,2018-09-18,301
2,8,4,2018-09-18,301
1,4,1,2018-09-18,302
4,9,4,2018-09-18,302
2,1,4,2018-09-18,302
1,4,2,2018-09-18,302
4,9,1,2018-09-18,303
1,2,4,2018-09-18,303
1,1,2,2018-09-18,303
3,3,4,2018-09-18,303
3,9,2,2018-09-18,304
2,4,3,2018-09-18,304
1,5,4,2018-09-18,304
2,6,3,2018-09-18,304
4,8,3,2018-09-18,305
1,4,3,2018-09-18,305
3,9,1,2018-09-18,305
4,3,1,2018-09-18,305
3,8,1,2018-09-18,306
4,1,5,2018-09-18,306
3,1,2,2018-09-18,306
1,7,3,2018-09-18,306
2,2,2,2018-09-18,307
1,3,5,2018-09-18,307
4,9,2,2018-09-18,307
3,1,5,2018-09-18,307
3,3,5,2018-09-18,308
1,9,5,2018-09-18,308
1,6,2,2018-09-18,308
3,3,2,2018-09-18,308
2,3,4,2018-09-18,309
1,9,1,2018-09-18,309
4,10,4,2018-09-18,309
3,1,3,2018-09-18,309
3,3,5,2018-09-18,310
4,9,2,2018-09-18,310
2,1,2,2018-09-18,310
1,9,5,2018-09-18,310
4,4,1,2018-09-18,311
2,3,2,2018-09-18,311
4,2,3,2018-09-18,311
3,5,2,2018-09-18,311
3,2,2,2018-09-18,312
1,10,5,2018-09-18,312
4,7,4,2018-09-18,312
2,6,2,2018-09-18,312
2,4,2,2018-09-18,313
4,9,3,2018-09-18,313
2,9,5,2018-09-18,313
3,8,2,2018-09-18,313
1,6,4,2018-09-18,314
4,10,5,2018-09-18,314
2,3,1,2018-09-18,314
1,4,2,2018-09-18,314
2,3,1,2018-09-18,315
1,8,3,2018-09-18,315
3,4,4,2018-09-18,315
2,6,5,2018-09-18,315
1,7,5,2018-09-18,316
3,3,3,2018-09-18,316
2,7,4,2018-09-18,316
3,6,5,2018-09-18,316
4,5,5,2018-09-18,317
2,3,1,2018-09-18,317
3,2,1,2018-09-18,317
1,6,1,2018-09-18,317
3,3,3,2018-09-18,318
2,8,4,2018-09-18,318
3,5,5,2018-09-18,318
4,7,5,2018-09-18,318
2,6,1,2018-09-18,319
3,4,3,2018-09-18,319
2,2,1,2018-09-18,319
4,5,3,2018-09-18,319
2,7,3,2018-09-18,320
4,8,5,2018-09-18,320
1,1,5,2018-09-18,320
2,5,2,2018-09-18,320
4,10,2,2018-09-18,321
1,1,5,2018-09-18,321
4,7,3,2018-09-18,321
1,9,3,2018-09-18,321
3,4,2,2018-09-18,322
2,7,5,2018-09-18,322
1,8,4,2018-09-18,322
4,6,3,2018-09-18,322
4,10,5,2018-09-18,323
1,8,1,2018-09-18,323
1,8,4,2018-09-18,323
2,2,1,2018-09-18,323
1,7,5,2018-09-18,324
2,2,2,2018-09-18,324
3,9,4,2018-09-18,324
4,4,2,2018-09-18,324
4,10,2,2018-09-18,325
1,6,2,2018-09-18,325
2,3,3,2018-09-18,325
1,9,4,2018-09-18,325
4,10,1,2018-09-18,326
1,5,4,2018-09-18,326
3,5,5,2018-09-18,326
1,6,1,2018-09-18,326
2,8,2,2018-09-18,327
4,1,3,2018-09-18,327
1,3,4,2018-09-18,327
2,8,2,2018-09-18,327
3,6,5,2018-09-18,328
2,10,4,2018-09-18,328
4,5,2,2018-09-18,328
3,10,1,2018-09-18,328
4,9,3,2018-09-18,329
1,8,1,2018-09-18,329
1,4,4,2018-09-18,329
2,3,4,2018-09-18,329
2,8,4,2018-09-18,330
3,7,3,2018-09-18,330
1,1,1,2018-09-18,330
4,2,5,2018-09-18,330
3,4,4,2018-09-18,331
2,2,1,2018-09-18,331
2,4,2,2018-09-18,331
4,6,2,2018-09-18,331
1,10,3,2018-09-18,332
4,3,2,2018-09-18,332
4,5,5,2018-09-18,332
2,2,5,2018-09-18,332
1,5,4,2018-09-18,333
2,10,4,2018-09-18,333
1,9,2,2018-09-18,333
4,3,1,2018-09-18,333
4,6,3,2018-09-18,334
1,8,3,2018-09-18,334
4,1,1,2018-09-18,334
3,2,1,2018-09-18,334
4,10,5,2018-09-18,335
2,4,2,2018-09-18,335
3,7,1,2018-09-18,335
2,9,1,2018-09-18,335
3,10,3,2018-09-18,336
1,5,5,2018-09-18,336
4,10,1,2018-09-18,336
3,1,1,2018-09-18,336
4,4,1,2018-09-18,337
2,6,5,2018-09-18,337
3,1,3,2018-09-18,337
2,4,2,2018-09-18,337
1,5,5,2018-09-18,338
4,3,4,2018-09-18,338
4,4,5,2018-09-18,338
2,10,1,2018-09-18,338
2,10,4,2018-09-18,339
4,5,3,2018-09-18,339
4,4,2,2018-09-18,339
3,2,2,2018-09-18,339
1,8,4,2018-09-18,340
4,5,1,2018-09-18,340
4,2,4,2018-09-18,340
3,3,4,2018-09-18,340
2,8,4,2018-09-18,341
1,9,5,2018-09-18,341
1,9,3,2018-09-18,341
2,6,5,2018-09-18,341
4,4,5,2018-09-18,342
1,3,3,2018-09-18,342
4,6,4,2018-09-18,342
2,10,4,2018-09-18,342
3,2,5,2018-09-18,343
1,9,1,2018-09-18,343
3,6,5,2018-09-18,343
1,8,4,2018-09-18,343
4,2,3,2018-09-18,344
1,4,1,2018-09-18,344
2,2,2,2018-09-18,344
3,6,2,2018-09-18,344
3,9,5,2018-09-18,345
4,10,3,2018-09-18,345
1,3,2,2018-09-18,345
2,4,4,2018-09-18,345
1,2,3,2018-09-18,346
2,6,4,2018-09-18,346
4,2,2,2018-09-18,346
2,7,1,2018-09-18,346
3,3,2,2018-09-18,347
2,5,1,2018-09-18,347
1,7,2,2018-09-18,347
3,6,1,2018-09-18,347
1,6,4,2018-09-18,348
4,8,5,2018-09-18,348
2,7,5,2018-09-18,348
1,10,1,2018-09-18,348
2,7,4,2018-09-18,349
4,5,1,2018-09-18,349
3,6,1,2018-09-18,349
2,5,1,2018-09-18,349
1,2,5,2018-09-18,350
2,7,1,2018-09-18,350
3,7,4,2018-09-18,350
2,1,3,2018-09-18,350
2,9,3,2018-09-18,351
1,7,2,2018-09-18,351
4,3,5,2018-09-18,351
2,1,1,2018-09-18,351
1,3,1,2018-09-18,352
3,5,3,2018-09-18,352
3,4,4,2018-09-18,352
4,1,4,2018-09-18,352
4,10,2,2018-09-18,353
1,3,3,2018-09-18,353
3,10,4,2018-09-18,353
1,4,1,2018-09-18,353
3,4,4,2018-09-18,354
2,9,1,2018-09-18,354
3,3,5,2018-09-18,354
4,5,3,2018-09-18,354
4,8,2,2018-09-18,355
1,3,3,2018-09-18,355
1,8,3,2018-09-18,355
3,1,4,2018-09-18,355
1,3,5,2018-09-18,356
3,6,2,2018-09-18,356
4,6,1,2018-09-18,356
2,8,5,2018-09-18,356
2,5,4,2018-09-18,357
4,9,2,2018-09-18,357
1,2,2,2018-09-18,357
4,5,1,2018-09-18,357
1,2,3,2018-09-18,358
2,10,1,2018-09-18,358
3,6,4,2018-09-18,358
1,3,4,2018-09-18,358
1,3,4,2018-09-18,359
4,1,4,2018-09-18,359
3,5,3,2018-09-18,359
2,7,5,2018-09-18,359
1,3,4,2018-09-18,360
3,5,2,2018-09-18,360
3,7,5,2018-09-18,360
1,6,1,2018-09-18,360
2,7,5,2018-09-18,361
1,9,5,2018-09-18,361
4,4,1,2018-09-18,361
3,6,1,2018-09-18,361
2,7,2,2018-09-18,362
1,3,4,2018-09-18,362
2,2,2,2018-09-18,362
1,7,5,2018-09-18,362
4,4,1,2018-09-18,363
2,8,5,2018-09-18,363
2,2,2,2018-09-18,363
1,7,2,2018-09-18,363
3,8,1,2018-09-18,364
1,5,4,2018-09-18,364
1,10,5,2018-09-18,364
2,5,4,2018-09-18,364
3,9,2,2018-09-18,365
2,4,5,2018-09-18,365
3,2,2,2018-09-18,365
1,1,1,2018-09-18,365
2,9,2,2018-09-18,366
4,5,4,2018-09-18,366
2,8,1,2018-09-18,366
3,5,1,2018-09-18,366
4,7,5,2018-09-18,367
3,8,5,2018-09-18,367
1,8,3,2018-09-18,367
3,1,2,2018-09-18,367
2,8,5,2018-09-18,368
4,9,5,2018-09-18,368
1,5,5,2018-09-18,368
2,8,5,2018-09-18,368
2,8,3,2018-09-18,369
3,7,1,2018-09-18,369
1,10,1,2018-09-18,369
2,6,5,2018-09-18,369
2,5,5,2018-09-18,370
4,4,2,2018-09-18,370
3,2,3,2018-09-18,370
4,1,1,2018-09-18,370
1,3,1,2018-09-18,371
2,4,2,2018-09-18,371
1,8,1,2018-09-18,371
3,10,1,2018-09-18,371
1,3,2,2018-09-18,372
4,8,1,2018-09-18,372
4,5,5,2018-09-18,372
2,9,3,2018-09-18,372
4,6,4,2018-09-18,373
1,8,2,2018-09-18,373
3,2,1,2018-09-18,373
1,8,4,2018-09-18,373
4,2,5,2018-09-18,374
2,1,1,2018-09-18,374
2,2,5,2018-09-18,374
1,6,3,2018-09-18,374
1,4,4,2018-09-18,375
2,10,2,2018-09-18,375
3,1,1,2018-09-18,375
2,2,4,2018-09-18,375
2,8,5,2018-09-18,376
4,2,5,2018-09-18,376
2,6,4,2018-09-18,376
3,8,2,2018-09-18,376
2,5,4,2018-09-18,377
3,1,4,2018-09-18,377
4,2,4,2018-09-18,377
2,7,1,2018-09-18,377
1,1,1,2018-09-18,378
3,9,3,2018-09-18,378
4,1,2,2018-09-18,378
1,10,3,2018-09-18,378
3,4,4,2018-09-18,379
4,7,5,2018-09-18,379
1,7,5,2018-09-18,379
4,8,1,2018-09-18,379
1,5,4,2018-09-18,380
4,9,3,2018-09-18,380
1,8,3,2018-09-18,380
4,5,1,2018-09-18,380
3,1,5,2018-09-18,381
4,10,2,2018-09-18,381
1,7,3,2018-09-18,381
3,8,3,2018-09-18,381
4,8,4,2018-09-18,382
1,3,2,2018-09-18,382
4,10,4,2018-09-18,382
3,4,5,2018-09-18,382
3,8,2,2018-09-18,383
1,2,5,2018-09-18,383
2,2,2,2018-09-18,383
4,4,4,2018-09-18,383
4,9,1,2018-09-18,384
3,10,5,2018-09-18,384
3,5,2,2018-09-18,384
4,7,3,2018-09-18,384
4,3,3,2018-09-18,385
2,5,4,2018-09-18,385
3,10,1,2018-09-18,385
2,3,5,2018-09-18,385
3,5,5,2018-09-18,386
4,10,2,2018-09-18,386
4,2,5,2018-09-18,386
1,6,3,2018-09-18,386
2,10,5,2018-09-18,387
1,5,3,2018-09-18,387
4,7,5,2018-09-18,387
3,3,3,2018-09-18,387
3,10,1,2018-09-18,388
2,7,1,2018-09-18,388
4,2,1,2018-09-18,388
2,10,3,2018-09-18,388
3,1,4,2018-09-18,389
4,6,5,2018-09-18,389
3,3,2,2018-09-18,389
2,7,5,2018-09-18,389
4,3,5,2018-09-18,390
3,9,2,2018-09-18,390
3,4,2,2018-09-18,390
1,1,1,2018-09-18,390
3,5,2,2018-09-18,391
2,3,2,2018-09-18,391
1,10,1,2018-09-18,391
4,7,5,2018-09-18,391
2,2,3,2018-09-18,392
1,6,4,2018-09-18,392
1,6,2,2018-09-18,392
2,7,4,2018-09-18,392
1,3,1,2018-09-18,393
2,5,3,2018-09-18,393
3,3,1,2018-09-18,393
2,1,5,2018-09-18,393
3,8,1,2018-09-18,394
4,7,1,2018-09-18,394
1,3,5,2018-09-18,394
4,6,5,2018-09-18,394
2,2,1,2018-09-18,395
1,8,2,2018-09-18,395
4,2,1,2018-09-18,395
2,10,3,2018-09-18,395
2,5,2,2018-09-18,396
1,7,1,2018-09-18,396
3,5,4,2018-09-18,396
4,7,5,2018-09-18,396
2,8,4,2018-09-18,397
1,2,4,2018-09-18,397
4,9,1,2018-09-18,397
2,10,5,2018-09-18,397
4,10,3,2018-09-18,398
2,1,2,2018-09-18,398
3,2,5,2018-09-18,398
2,6,1,2018-09-18,398
4,1,5,2018-09-18,399
3,10,3,2018-09-18,399
4,9,5,2018-09-18,399
3,7,3,2018-09-18,399
2,6,2,2018-09-18,400
4,4,5,2018-09-18,400
3,3,4,2018-09-18,400
1,7,1,2018-09-18,400
1,1,2,2018-09-18,401
3,7,5,2018-09-18,401
1,1,3,2018-09-18,401
3,10,3,2018-09-18,401
3,7,5,2018-09-18,402
4,8,2,2018-09-18,402
2,9,4,2018-09-18,402
3,6,5,2018-09-18,402
2,5,3,2018-09-18,403
3,6,1,2018-09-18,403
4,8,2,2018-09-18,403
3,9,4,2018-09-18,403
4,6,1,2018-09-18,404
1,3,4,2018-09-18,404
4,5,2,2018-09-18,404
3,3,3,2018-09-18,404
3,4,5,2018-09-18,405
4,10,4,2018-09-18,405
1,7,2,2018-09-18,405
2,9,4,2018-09-18,405
2,1,2,2018-09-18,406
4,4,2,2018-09-18,406
4,1,1,2018-09-18,406
2,5,4,2018-09-18,406
3,5,4,2018-09-18,407
1,7,2,2018-09-18,407
2,10,4,2018-09-18,407
1,5,1,2018-09-18,407
3,6,3,2018-09-18,408
4,1,4,2018-09-18,408
1,6,5,2018-09-18,408
2,7,1,2018-09-18,408
3,2,2,2018-09-18,409
4,4,2,2018-09-18,409
4,6,3,2018-09-18,409
2,10,3,2018-09-18,409
2,5,3,2018-09-18,410
1,7,4,2018-09-18,410
3,8,3,2018-09-18,410
1,6,2,2018-09-18,410
4,1,5,2018-09-18,411
3,2,2,2018-09-18,411
1,3,5,2018-09-18,411
2,8,5,2018-09-18,411
4,8,5,2018-09-18,412
1,4,2,2018-09-18,412
1,2,1,2018-09-18,412
3,6,5,2018-09-18,412
2,6,3,2018-09-18,413
4,10,3,2018-09-18,413
3,1,5,2018-09-18,413
2,3,3,2018-09-18,413
1,8,3,2018-09-18,414
4,6,1,2018-09-18,414
1,5,4,2018-09-18,414
2,3,5,2018-09-18,414
4,6,1,2018-09-18,415
2,5,5,2018-09-18,415
2,10,5,2018-09-18,415
4,2,1,2018-09-18,415
3,10,4,2018-09-18,416
4,3,3,2018-09-18,416
3,4,4,2018-09-18,416
1,1,3,2018-09-18,416
4,1,5,2018-09-18,417
3,8,1,2018-09-18,417
2,8,3,2018-09-18,417
4,3,1,2018-09-18,417
3,2,4,2018-09-18,418
2,1,4,2018-09-18,418
1,1,4,2018-09-18,418
3,4,3,2018-09-18,418
2,5,3,2018-09-18,419
1,4,3,2018-09-18,419
2,8,3,2018-09-18,419
3,6,3,2018-09-18,419
2,8,5,2018-09-18,420
4,5,1,2018-09-18,420
1,10,5,2018-09-18,420
2,2,3,2018-09-18,420
3,10,4,2018-09-18,421
4,9,1,2018-09-18,421
1,9,2,2018-09-18,421
4,7,3,2018-09-18,421
2,4,4,2018-09-18,422
4,6,1,2018-09-18,422
2,3,4,2018-09-18,422
4,6,4,2018-09-18,422
2,3,5,2018-09-18,423
4,9,3,2018-09-18,423
4,2,1,2018-09-18,423
2,10,2,2018-09-18,423
2,4,1,2018-09-18,424
4,9,1,2018-09-18,424
3,4,4,2018-09-18,424
2,7,5,2018-09-18,424
2,10,3,2018-09-18,425
3,2,4,2018-09-18,425
1,8,5,2018-09-18,425
4,2,4,2018-09-18,425
3,4,2,2018-09-18,426
2,1,1,2018-09-18,426
2,4,2,2018-09-18,426
4,9,2,2018-09-18,426
1,2,4,2018-09-18,427
3,10,3,2018-09-18,427
3,2,4,2018-09-18,427
2,1,5,2018-09-18,427
1,4,4,2018-09-18,428
2,8,3,2018-09-18,428
2,4,3,2018-09-18,428
4,7,2,2018-09-18,428
3,9,5,2018-09-18,429
4,4,5,2018-09-18,429
4,1,4,2018-09-18,429
2,6,4,2018-09-18,429
3,4,3,2018-09-18,430
1,1,1,2018-09-18,430
3,7,2,2018-09-18,430
2,2,4,2018-09-18,430
3,6,1,2018-09-18,431
2,1,2,2018-09-18,431
4,7,3,2018-09-18,431
1,2,2,2018-09-18,431
1,4,5,2018-09-18,432
3,1,4,2018-09-18,432
1,8,5,2018-09-18,432
4,10,3,2018-09-18,432
1,4,4,2018-09-18,433
3,10,1,2018-09-18,433
1,8,4,2018-09-18,433
3,4,5,2018-09-18,433
4,6,4,2018-09-18,434
2,5,5,2018-09-18,434
2,5,3,2018-09-18,434
3,3,5,2018-09-18,434
1,5,1,2018-09-18,435
2,3,5,2018-09-18,435
4,10,2,2018-09-18,435
1,6,2,2018-09-18,435
4,3,2,2018-09-18,436
2,4,4,2018-09-18,436
1,7,3,2018-09-18,436
3,9,1,2018-09-18,436
3,7,3,2018-09-18,437
1,3,5,2018-09-18,437
3,6,2,2018-09-18,437
2,8,3,2018-09-18,437
2,6,3,2018-09-18,438
4,9,2,2018-09-18,438
1,7,3,2018-09-18,438
3,4,4,2018-09-18,438
3,8,4,2018-09-18,439
4,6,5,2018-09-18,439
3,3,5,2018-09-18,439
1,9,4,2018-09-18,439
1,8,1,2018-09-18,440
2,1,2,2018-09-18,440
3,2,2,2018-09-18,440
2,3,2,2018-09-18,440
4,6,3,2018-09-18,441
1,9,1,2018-09-18,441
4,4,2,2018-09-18,441
1,5,2,2018-09-18,441
3,2,1,2018-09-18,442
2,6,5,2018-09-18,442
1,3,4,2018-09-18,442
2,2,2,2018-09-18,442
2,3,1,2018-09-18,443
4,5,4,2018-09-18,443
4,9,1,2018-09-18,443
1,4,2,2018-09-18,443
3,3,1,2018-09-18,444
1,5,1,2018-09-18,444
1,3,2,2018-09-18,444
2,10,1,2018-09-18,444
2,7,4,2018-09-18,445
3,9,3,2018-09-18,445
3,4,5,2018-09-18,445
4,2,3,2018-09-18,445
3,8,1,2018-09-18,446
1,1,2,2018-09-18,446
3,2,4,2018-09-18,446
2,8,3,2018-09-18,446
4,4,4,2018-09-18,447
2,2,2,2018-09-18,447
2,5,4,2018-09-18,447
1,2,5,2018-09-18,447
3,4,5,2018-09-18,448
1,9,1,2018-09-18,448
4,5,5,2018-09-18,448
3,2,3,2018-09-18,448
1,1,5,2018-09-18,449
3,3,2,2018-09-18,449
4,10,1,2018-09-18,449
1,7,2,2018-09-18,449
3,4,5,2018-09-18,450
4,9,2,2018-09-18,450
3,1,5,2018-09-18,450
4,5,1,2018-09-18,450
2,1,1,2018-09-18,451
4,5,3,2018-09-18,451
4,8,4,2018-09-18,451
3,9,2,2018-09-18,451
1,3,3,2018-09-18,452
3,2,4,2018-09-18,452
2,3,4,2018-09-18,452
1,4,5,2018-09-18,452
4,4,5,2018-09-18,453
2,10,4,2018-09-18,453
1,1,2,2018-09-18,453
2,2,4,2018-09-18,453
1,6,1,2018-09-18,454
4,1,4,2018-09-18,454
3,4,1,2018-09-18,454
4,5,2,2018-09-18,454
1,1,3,2018-09-18,455
4,4,4,2018-09-18,455
1,3,1,2018-09-18,455
4,2,5,2018-09-18,455
2,10,2,2018-09-18,456
4,5,2,2018-09-18,456
2,9,3,2018-09-18,456
3,5,1,2018-09-18,456
4,1,3,2018-09-18,457
2,4,3,2018-09-18,457
1,8,4,2018-09-18,457
4,2,2,2018-09-18,457
2,1,4,2018-09-18,458
3,9,5,2018-09-18,458
3,10,5,2018-09-18,458
2,3,2,2018-09-18,458
1,6,2,2018-09-18,459
2,7,2,2018-09-18,459
3,2,2,2018-09-18,459
4,9,1,2018-09-18,459
3,2,1,2018-09-18,460
2,8,4,2018-09-18,460
1,3,2,2018-09-18,460
4,10,5,2018-09-18,460
1,8,4,2018-09-18,461
2,3,3,2018-09-18,461
4,3,1,2018-09-18,461
2,7,2,2018-09-18,461
2,9,5,2018-09-18,462
3,4,2,2018-09-18,462
3,6,1,2018-09-18,462
1,1,3,2018-09-18,462
2,2,5,2018-09-18,463
1,8,2,2018-09-18,463
4,4,3,2018-09-18,463
1,6,4,2018-09-18,463
4,6,2,2018-09-18,464
1,1,4,2018-09-18,464
2,3,1,2018-09-18,464
3,8,2,2018-09-18,464
2,3,3,2018-09-18,465
4,2,3,2018-09-18,465
4,10,5,2018-09-18,465
2,3,4,2018-09-18,465
3,5,3,2018-09-18,466
1,9,2,2018-09-18,466
1,6,4,2018-09-18,466
2,7,3,2018-09-18,466
4,1,1,2018-09-18,467
1,5,4,2018-09-18,467
4,1,4,2018-09-18,467
3,5,4,2018-09-18,467
4,2,1,2018-09-18,468
1,3,1,2018-09-18,468
3,4,2,2018-09-18,468
2,1,3,2018-09-18,468
2,2,2,2018-09-18,469
4,8,5,2018-09-18,469
4,6,3,2018-09-18,469
1,4,1,2018-09-18,469
1,9,2,2018-09-18,470
3,10,4,2018-09-18,470
2,7,1,2018-09-18,470
3,2,4,2018-09-18,470
3,7,2,2018-09-18,471
4,3,1,2018-09-18,471
4,3,3,2018-09-18,471
3,1,4,2018-09-18,471
3,2,3,2018-09-18,472
1,10,5,2018-09-18,472
1,6,5,2018-09-18,472
3,4,3,2018-09-18,472
2,3,4,2018-09-18,473
3,10,1,2018-09-18,473
4,2,4,2018-09-18,473
2,1,4,2018-09-18,473
1,3,3,2018-09-18,474
3,9,1,2018-09-18,474
4,8,5,2018-09-18,474
2,4,3,2018-09-18,474
2,4,2,2018-09-18,475
1,7,3,2018-09-18,475
1,5,4,2018-09-18,475
3,4,4,2018-09-18,475
1,8,2,2018-09-18,476
2,5,2,2018-09-18,476
1,9,5,2018-09-18,476
4,4,5,2018-09-18,476
3,8,3,2018-09-18,477
1,4,1,2018-09-18,477
2,5,1,2018-09-18,477
1,10,2,2018-09-18,477
4,5,4,2018-09-18,478
3,3,4,2018-09-18,478
4,5,4,2018-09-18,478
1,8,1,2018-09-18,478
1,10,1,2018-09-18,479
4,2,4,2018-09-18,479
4,10,2,2018-09-18,479
2,9,2,2018-09-18,479
3,10,3,2018-09-18,480
2,6,3,2018-09-18,480
3,7,3,2018-09-18,480
1,9,2,2018-09-18,480
3,2,2,2018-09-18,481
1,9,2,2018-09-18,481
3,10,4,2018-09-18,481
2,6,1,2018-09-18,481
2,10,1,2018-09-18,482
3,7,2,2018-09-18,482
3,2,1,2018-09-18,482
1,9,2,2018-09-18,482
2,8,3,2018-09-18,483
1,3,5,2018-09-18,483
1,7,3,2018-09-18,483
4,4,3,2018-09-18,483
2,10,5,2018-09-18,484
3,4,3,2018-09-18,484
3,6,3,2018-09-18,484
2,3,5,2018-09-18,484
2,7,4,2018-09-18,485
1,2,5,2018-09-18,485
2,7,4,2018-09-18,485
4,3,4,2018-09-18,485
2,5,4,2018-09-18,486
3,2,5,2018-09-18,486
2,10,5,2018-09-18,486
4,2,2,2018-09-18,486
3,9,5,2018-09-18,487
4,3,4,2018-09-18,487
3,7,5,2018-09-18,487
1,9,4,2018-09-18,487
1,5,1,2018-09-18,488
2,2,4,2018-09-18,488
4,10,5,2018-09-18,488
1,2,4,2018-09-18,488
3,9,1,2018-09-18,489
2,5,1,2018-09-18,489
3,5,5,2018-09-18,489
1,4,2,2018-09-18,489
2,7,2,2018-09-18,490
4,3,4,2018-09-18,490
4,7,4,2018-09-18,490
1,4,5,2018-09-18,490
4,4,5,2018-09-18,491
1,7,2,2018-09-18,491
4,7,4,2018-09-18,491
2,10,4,2018-09-18,491
1,9,2,2018-09-18,492
2,10,5,2018-09-18,492
2,10,1,2018-09-18,492
4,4,2,2018-09-18,492
2,9,2,2018-09-18,493
4,10,1,2018-09-18,493
1,6,5,2018-09-18,493
3,2,3,2018-09-18,493
2,5,5,2018-09-18,494
4,10,5,2018-09-18,494
4,8,3,2018-09-18,494
2,4,4,2018-09-18,494
1,6,5,2018-09-18,495
2,9,3,2018-09-18,495
1,9,3,2018-09-18,495
3,6,3,2018-09-18,495
2,3,3,2018-09-18,496
4,10,5,2018-09-18,496
4,3,1,2018-09-18,496
1,5,3,2018-09-18,496
4,10,3,2018-09-18,497
1,5,1,2018-09-18,497
4,5,4,2018-09-18,497
2,9,3,2018-09-18,497
4,4,1,2018-09-18,498
1,10,1,2018-09-18,498
2,8,1,2018-09-18,498
3,4,3,2018-09-18,498
3,8,4,2018-09-18,499
1,6,1,2018-09-18,499
2,5,4,2018-09-18,499
4,4,1,2018-09-18,499
2,3,4,2018-09-18,500
4,8,5,2018-09-18,500
4,7,4,2018-09-18,500
2,8,2,2018-09-18,500
4,3,2,2018-09-18,501
2,1,2,2018-09-18,501
3,4,5,2018-09-18,501
4,7,5,2018-09-18,501
2,9,5,2018-09-18,502
4,6,3,2018-09-18,502
4,7,4,2018-09-18,502
1,8,3,2018-09-18,502
4,9,3,2018-09-18,503
2,4,5,2018-09-18,503
3,10,4,2018-09-18,503
2,9,5,2018-09-18,503
2,5,2,2018-09-18,504
3,7,4,2018-09-18,504
2,3,1,2018-09-18,504
4,8,4,2018-09-18,504
4,2,5,2018-09-18,505
1,7,1,2018-09-18,505
1,2,2,2018-09-18,505
4,5,4,2018-09-18,505
3,1,4,2018-09-18,506
2,7,3,2018-09-18,506
3,8,2,2018-09-18,506
1,7,2,2018-09-18,506
2,9,3,2018-09-18,507
1,5,3,2018-09-18,507
4,2,1,2018-09-18,507
1,10,3,2018-09-18,507
2,3,1,2018-09-18,508
4,8,1,2018-09-18,508
3,6,2,2018-09-18,508
1,9,4,2018-09-18,508
4,3,5,2018-09-18,509
3,4,4,2018-09-18,509
4,9,3,2018-09-18,509
1,8,5,2018-09-18,509
1,2,3,2018-09-18,510
4,10,5,2018-09-18,510
2,2,2,2018-09-18,510
1,9,4,2018-09-18,510
2,8,5,2018-09-18,511
1,6,5,2018-09-18,511
1,2,1,2018-09-18,511
3,8,4,2018-09-18,511
3,4,2,2018-09-18,512
4,9,2,2018-09-18,512
3,4,2,2018-09-18,512
2,9,4,2018-09-18,512
4,5,4,2018-09-18,513
1,4,2,2018-09-18,513
3,9,4,2018-09-18,513
4,2,4,2018-09-18,513
3,4,5,2018-09-18,514
4,2,1,2018-09-18,514
4,10,2,2018-09-18,514
3,7,3,2018-09-18,514
1,3,2,2018-09-18,515
3,1,2,2018-09-18,515
4,6,4,2018-09-18,515
3,1,3,2018-09-18,515
2,6,1,2018-09-18,516
4,7,3,2018-09-18,516
3,7,2,2018-09-18,516
2,8,3,2018-09-18,516
2,8,4,2018-09-18,517
4,5,1,2018-09-18,517
3,6,5,2018-09-18,517
1,3,1,2018-09-18,517
1,9,1,2018-09-18,518
3,5,4,2018-09-18,518
2,10,3,2018-09-18,518
3,8,5,2018-09-18,518
2,3,3,2018-09-18,519
4,2,1,2018-09-18,519
3,6,1,2018-09-18,519
4,1,5,2018-09-18,519
3,6,3,2018-09-18,520
2,7,4,2018-09-18,520
3,6,5,2018-09-18,520
2,9,5,2018-09-18,520
1,4,4,2018-09-18,521
3,5,2,2018-09-18,521
4,7,1,2018-09-18,521
3,4,1,2018-09-18,521
4,1,5,2018-09-18,522
1,10,2,2018-09-18,522
3,3,5,2018-09-18,522
1,4,1,2018-09-18,522
4,4,2,2018-09-18,523
1,7,3,2018-09-18,523
4,8,4,2018-09-18,523
3,2,2,2018-09-18,523
4,1,1,2018-09-18,524
3,8,5,2018-09-18,524
4,1,2,2018-09-18,524
3,2,5,2018-09-18,524
2,6,3,2018-09-18,525
3,7,3,2018-09-18,525
2,3,2,2018-09-18,525
3,9,1,2018-09-18,525
1,9,1,2018-09-18,526
3,1,3,2018-09-18,526
4,2,3,2018-09-18,526
3,9,5,2018-09-18,526
1,5,5,2018-09-18,527
4,6,5,2018-09-18,527
4,9,5,2018-09-18,527
1,3,2,2018-09-18,527
4,2,1,2018-09-18,528
1,6,2,2018-09-18,528
4,3,1,2018-09-18,528
2,9,3,2018-09-18,528
4,5,3,2018-09-18,529
1,1,3,2018-09-18,529
1,3,4,2018-09-18,529
3,1,3,2018-09-18,529
1,8,5,2018-09-18,530
4,10,4,2018-09-18,530
1,5,5,2018-09-18,530
2,2,1,2018-09-18,530
1,9,3,2018-09-18,531
4,8,4,2018-09-18,531
3,7,4,2018-09-18,531
4,10,4,2018-09-18,531
4,4,1,2018-09-18,532
3,1,3,2018-09-18,532
3,8,5,2018-09-18,532
4,1,4,2018-09-18,532
3,6,5,2018-09-18,533
4,10,1,2018-09-18,533
2,7,4,2018-09-18,533
1,6,5,2018-09-18,533
3,2,1,2018-09-18,534
4,9,3,2018-09-18,534
4,4,4,2018-09-18,534
3,3,3,2018-09-18,534
2,1,4,2018-09-18,535
1,3,5,2018-09-18,535
1,9,3,2018-09-18,535
2,3,2,2018-09-18,535
1,7,4,2018-09-18,536
3,6,3,2018-09-18,536
3,9,5,2018-09-18,536
1,8,3,2018-09-18,536
3,6,2,2018-09-18,537
2,5,5,2018-09-18,537
3,7,2,2018-09-18,537
1,4,1,2018-09-18,537
2,6,2,2018-09-18,538
4,5,2,2018-09-18,538
2,8,2,2018-09-18,538
1,4,3,2018-09-18,538
3,8,1,2018-09-18,539
4,7,1,2018-09-18,539
2,10,2,2018-09-18,539
3,3,2,2018-09-18,539
2,7,3,2018-09-18,540
1,4,5,2018-09-18,540
1,5,5,2018-09-18,540
2,7,5,2018-09-18,540
3,7,3,2018-09-18,541
2,1,2,2018-09-18,541
4,10,4,2018-09-18,541
2,7,5,2018-09-18,541
2,1,5,2018-09-18,542
3,6,5,2018-09-18,542
2,7,2,2018-09-18,542
3,10,3,2018-09-18,542
3,10,1,2018-09-18,543
2,1,4,2018-09-18,543
4,6,3,2018-09-18,543
2,10,5,2018-09-18,543
3,8,5,2018-09-18,544
2,6,3,2018-09-18,544
4,6,4,2018-09-18,544
1,9,2,2018-09-18,544
4,5,5,2018-09-18,545
1,1,1,2018-09-18,545
1,6,3,2018-09-18,545
2,3,5,2018-09-18,545
4,4,3,2018-09-18,546
1,8,3,2018-09-18,546
4,7,4,2018-09-18,546
3,2,2,2018-09-18,546
2,10,4,2018-09-18,547
3,8,5,2018-09-18,547
3,10,4,2018-09-18,547
2,3,5,2018-09-18,547
2,8,2,2018-09-18,548
4,6,1,2018-09-18,548
1,10,2,2018-09-18,548
3,9,4,2018-09-18,548
2,3,1,2018-09-18,549
1,7,3,2018-09-18,549
1,4,2,2018-09-18,549
2,8,3,2018-09-18,549
1,9,5,2018-09-18,550
2,8,1,2018-09-18,550
4,6,4,2018-09-18,550
3,9,4,2018-09-18,550
2,6,5,2018-09-18,551
1,7,2,2018-09-18,551
4,7,4,2018-09-18,551
3,9,1,2018-09-18,551
3,2,3,2018-09-18,552
4,5,2,2018-09-18,552
1,5,2,2018-09-18,552
2,10,4,2018-09-18,552
2,3,2,2018-09-18,553
3,2,4,2018-09-18,553
2,9,5,2018-09-18,553
3,7,4,2018-09-18,553
1,6,2,2018-09-18,554
3,10,4,2018-09-18,554
1,5,2,2018-09-18,554
2,10,2,2018-09-18,554
3,9,2,2018-09-18,555
2,1,2,2018-09-18,555
2,2,2,2018-09-18,555
3,5,2,2018-09-18,555
3,10,4,2018-09-18,556
2,9,4,2018-09-18,556
2,10,3,2018-09-18,556
1,2,5,2018-09-18,556
4,10,2,2018-09-18,557
2,3,2,2018-09-18,557
1,8,2,2018-09-18,557
4,1,2,2018-09-18,557
4,9,3,2018-09-18,558
2,3,4,2018-09-18,558
2,2,5,2018-09-18,558
4,6,3,2018-09-18,558
3,1,1,2018-09-18,559
2,8,4,2018-09-18,559
3,9,3,2018-09-18,559
4,5,2,2018-09-18,559
1,10,2,2018-09-18,560
4,6,5,2018-09-18,560
1,6,2,2018-09-18,560
3,7,3,2018-09-18,560
3,7,2,2018-09-18,561
2,1,2,2018-09-18,561
4,10,2,2018-09-18,561
2,2,4,2018-09-18,561
3,6,1,2018-09-18,562
2,1,3,2018-09-18,562
3,4,4,2018-09-18,562
1,8,1,2018-09-18,562
4,7,2,2018-09-18,563
3,3,4,2018-09-18,563
1,6,5,2018-09-18,563
3,3,2,2018-09-18,563
2,9,5,2018-09-18,564
1,4,1,2018-09-18,564
4,8,5,2018-09-18,564
1,10,5,2018-09-18,564
1,3,1,2018-09-18,565
4,2,4,2018-09-18,565
2,5,5,2018-09-18,565
3,4,2,2018-09-18,565
4,6,5,2018-09-18,566
2,10,4,2018-09-18,566
4,1,4,2018-09-18,566
1,5,3,2018-09-18,566
1,6,4,2018-09-18,567
3,3,4,2018-09-18,567
4,7,1,2018-09-18,567
2,3,1,2018-09-18,567
3,6,3,2018-09-18,568
2,1,3,2018-09-18,568
3,6,2,2018-09-18,568
4,9,2,2018-09-18,568
1,8,1,2018-09-18,569
4,7,1,2018-09-18,569
4,1,1,2018-09-18,569
2,6,5,2018-09-18,569
4,2,2,2018-09-18,570
3,4,5,2018-09-18,570
1,3,2,2018-09-18,570
3,6,1,2018-09-18,570
4,6,3,2018-09-18,571
2,5,1,2018-09-18,571
4,3,3,2018-09-18,571
2,4,1,2018-09-18,571
2,7,4,2018-09-18,572
1,2,2,2018-09-18,572
2,7,2,2018-09-18,572
4,5,5,2018-09-18,572
3,4,2,2018-09-18,573
2,9,4,2018-09-18,573
3,6,1,2018-09-18,573
2,7,1,2018-09-18,573
2,3,1,2018-09-18,574
3,6,1,2018-09-18,574
3,2,4,2018-09-18,574
4,5,3,2018-09-18,574
1,4,5,2018-09-18,575
4,1,5,2018-09-18,575
1,3,3,2018-09-18,575
2,4,4,2018-09-18,575
1,4,3,2018-09-18,576
3,2,3,2018-09-18,576
1,5,3,2018-09-18,576
2,3,2,2018-09-18,576
3,10,4,2018-09-18,577
4,9,2,2018-09-18,577
4,2,3,2018-09-18,577
2,3,2,2018-09-18,577
2,2,3,2018-09-18,578
1,5,4,2018-09-18,578
3,6,1,2018-09-18,578
4,1,5,2018-09-18,578
3,2,4,2018-09-18,579
4,1,3,2018-09-18,579
3,7,3,2018-09-18,579
2,6,4,2018-09-18,579
3,6,3,2018-09-18,580
1,7,3,2018-09-18,580
3,10,4,2018-09-18,580
2,5,2,2018-09-18,580
1,10,5,2018-09-18,581
2,8,2,2018-09-18,581
3,6,5,2018-09-18,581
4,7,5,2018-09-18,581
2,9,3,2018-09-18,582
1,2,2,2018-09-18,582
3,10,5,2018-09-18,582
4,8,1,2018-09-18,582
1,10,1,2018-09-18,583
2,6,4,2018-09-18,583
2,7,2,2018-09-18,583
1,4,5,2018-09-18,583
1,7,2,2018-09-18,584
2,8,2,2018-09-18,584
3,8,1,2018-09-18,584
4,6,3,2018-09-18,584
4,1,1,2018-09-18,585
3,2,2,2018-09-18,585
2,5,1,2018-09-18,585
3,7,4,2018-09-18,585
2,10,1,2018-09-18,586
4,7,3,2018-09-18,586
2,2,2,2018-09-18,586
1,10,4,2018-09-18,586
4,5,4,2018-09-18,587
3,7,3,2018-09-18,587
1,9,3,2018-09-18,587
2,4,2,2018-09-18,587
1,6,5,2018-09-18,588
2,3,3,2018-09-18,588
4,10,2,2018-09-18,588
3,8,2,2018-09-18,588
4,3,5,2018-09-18,589
2,10,3,2018-09-18,589
3,10,3,2018-09-18,589
1,3,3,2018-09-18,589
1,3,1,2018-09-18,590
2,10,4,2018-09-18,590
2,8,5,2018-09-18,590
1,6,1,2018-09-18,590
1,3,1,2018-09-18,591
3,6,5,2018-09-18,591
2,10,5,2018-09-18,591
1,3,3,2018-09-18,591
2,2,3,2018-09-18,592
4,6,5,2018-09-18,592
4,8,5,2018-09-18,592
1,1,3,2018-09-18,592
1,1,2,2018-09-18,593
2,9,2,2018-09-18,593
1,9,1,2018-09-18,593
4,8,1,2018-09-18,593
3,10,1,2018-09-18,594
2,5,3,2018-09-18,594
4,7,2,2018-09-18,594
1,10,4,2018-09-18,594
4,3,5,2018-09-18,595
3,5,4,2018-09-18,595
1,9,3,2018-09-18,595
4,6,4,2018-09-18,595
3,6,3,2018-09-18,596
1,3,1,2018-09-18,596
1,8,3,2018-09-18,596
2,9,5,2018-09-18,596
3,3,3,2018-09-18,597
4,6,4,2018-09-18,597
2,4,1,2018-09-18,597
3,10,4,2018-09-18,597
1,7,4,2018-09-18,598
3,8,4,2018-09-18,598
3,7,3,2018-09-18,598
4,3,5,2018-09-18,598
1,9,5,2018-09-18,599
3,1,1,2018-09-18,599
3,8,3,2018-09-18,599
1,9,2,2018-09-18,599
1,10,3,2018-09-18,600
2,2,5,2018-09-18,600
2,4,1,2018-09-18,600
1,5,1,2018-09-18,600
2,8,5,2018-09-18,601
4,5,2,2018-09-18,601
2,1,2,2018-09-18,601
4,8,2,2018-09-18,601
4,5,3,2018-09-18,602
3,8,4,2018-09-18,602
4,1,1,2018-09-18,602
1,5,4,2018-09-18,602
4,6,4,2018-09-18,603
2,10,2,2018-09-18,603
3,9,5,2018-09-18,603
1,4,4,2018-09-18,603
2,2,4,2018-09-18,604
3,10,2,2018-09-18,604
1,7,3,2018-09-18,604
4,6,3,2018-09-18,604
4,10,3,2018-09-18,605
3,9,5,2018-09-18,605
2,1,4,2018-09-18,605
4,2,3,2018-09-18,605
4,6,1,2018-09-18,606
2,7,1,2018-09-18,606
4,6,4,2018-09-18,606
1,1,5,2018-09-18,606
1,8,1,2018-09-18,607
3,6,5,2018-09-18,607
1,10,1,2018-09-18,607
3,5,2,2018-09-18,607
1,10,2,2018-09-18,608
4,8,1,2018-09-18,608
2,3,3,2018-09-18,608
3,10,2,2018-09-18,608
4,9,2,2018-09-18,609
1,1,4,2018-09-18,609
4,2,4,2018-09-18,609
2,7,5,2018-09-18,609
4,4,4,2018-09-18,610
2,3,1,2018-09-18,610
3,1,4,2018-09-18,610
1,10,1,2018-09-18,610
4,7,1,2018-09-18,611
1,1,2,2018-09-18,611
4,4,1,2018-09-18,611
1,5,1,2018-09-18,611
1,5,4,2018-09-18,612
2,8,3,2018-09-18,612
3,6,4,2018-09-18,612
4,7,2,2018-09-18,612
4,7,1,2018-09-18,613
3,1,3,2018-09-18,613
2,4,3,2018-09-18,613
4,1,5,2018-09-18,613
3,8,3,2018-09-18,614
1,6,3,2018-09-18,614
2,1,4,2018-09-18,614
4,8,2,2018-09-18,614
1,4,2,2018-09-18,615
4,10,5,2018-09-18,615
3,5,2,2018-09-18,615
1,9,4,2018-09-18,615
3,10,3,2018-09-18,616
2,9,2,2018-09-18,616
2,7,4,2018-09-18,616
1,2,2,2018-09-18,616
1,10,4,2018-09-18,617
3,7,3,2018-09-18,617
4,4,1,2018-09-18,617
1,8,3,2018-09-18,617
1,10,1,2018-09-18,618
2,2,4,2018-09-18,618
4,6,2,2018-09-18,618
2,10,5,2018-09-18,618
1,6,1,2018-09-18,619
2,5,4,2018-09-18,619
4,5,4,2018-09-18,619
1,3,5,2018-09-18,619
3,3,5,2018-09-18,620
1,7,5,2018-09-18,620
3,5,5,2018-09-18,620
4,2,1,2018-09-18,620
3,6,4,2018-09-18,621
4,3,2,2018-09-18,621
3,8,1,2018-09-18,621
1,2,5,2018-09-18,621
2,9,3,2018-09-18,622
3,8,5,2018-09-18,622
3,8,1,2018-09-18,622
2,1,4,2018-09-18,622
2,1,2,2018-09-18,623
3,3,4,2018-09-18,623
1,9,1,2018-09-18,623
4,1,5,2018-09-18,623
4,2,4,2018-09-18,624
2,3,1,2018-09-18,624
4,4,2,2018-09-18,624
2,8,1,2018-09-18,624
4,3,5,2018-09-18,625
2,9,4,2018-09-18,625
4,8,5,2018-09-18,625
3,4,2,2018-09-18,625
2,3,5,2018-09-18,626
1,9,4,2018-09-18,626
2,4,5,2018-09-18,626
1,3,5,2018-09-18,626
2,3,1,2018-09-18,627
4,5,5,2018-09-18,627
3,10,2,2018-09-18,627
4,7,3,2018-09-18,627
2,4,5,2018-09-18,628
1,9,3,2018-09-18,628
2,7,5,2018-09-18,628
4,10,5,2018-09-18,628
4,7,2,2018-09-18,629
1,9,2,2018-09-18,629
1,6,2,2018-09-18,629
3,3,3,2018-09-18,629
2,2,1,2018-09-18,630
3,3,3,2018-09-18,630
1,7,2,2018-09-18,630
3,4,5,2018-09-18,630
2,1,1,2018-09-18,631
1,10,3,2018-09-18,631
3,7,4,2018-09-18,631
2,10,4,2018-09-18,631
1,1,3,2018-09-18,632
2,4,1,2018-09-18,632
2,2,1,2018-09-18,632
4,5,1,2018-09-18,632
4,2,4,2018-09-18,633
1,10,3,2018-09-18,633
1,3,1,2018-09-18,633
2,2,3,2018-09-18,633
3,4,1,2018-09-18,634
2,6,3,2018-09-18,634
1,6,3,2018-09-18,634
4,3,4,2018-09-18,634
4,2,1,2018-09-18,635
1,10,1,2018-09-18,635
1,5,4,2018-09-18,635
2,8,4,2018-09-18,635
1,3,2,2018-09-18,636
3,10,1,2018-09-18,636
2,9,3,2018-09-18,636
1,1,4,2018-09-18,636
2,2,2,2018-09-18,637
3,10,4,2018-09-18,637
2,2,5,2018-09-18,637
4,3,2,2018-09-18,637
3,8,5,2018-09-18,638
4,2,5,2018-09-18,638
3,10,1,2018-09-18,638
4,5,5,2018-09-18,638
3,9,2,2018-09-18,639
2,8,4,2018-09-18,639
4,9,1,2018-09-18,639
2,6,1,2018-09-18,639
4,10,2,2018-09-18,640
1,7,1,2018-09-18,640
1,5,3,2018-09-18,640
3,2,3,2018-09-18,640
2,8,2,2018-09-18,641
4,10,2,2018-09-18,641
2,8,3,2018-09-18,641
3,2,1,2018-09-18,641
2,3,5,2018-09-18,642
1,6,2,2018-09-18,642
4,7,1,2018-09-18,642
2,2,3,2018-09-18,642
1,5,2,2018-09-18,643
2,9,3,2018-09-18,643
4,1,5,2018-09-18,643
3,10,3,2018-09-18,643
2,2,5,2018-09-18,644
3,8,4,2018-09-18,644
3,6,3,2018-09-18,644
4,2,4,2018-09-18,644
3,2,4,2018-09-18,645
4,5,3,2018-09-18,645
1,10,4,2018-09-18,645
3,6,1,2018-09-18,645
3,1,2,2018-09-18,646
4,2,4,2018-09-18,646
2,3,5,2018-09-18,646
3,6,3,2018-09-18,646
3,1,3,2018-09-18,647
2,5,4,2018-09-18,647
1,2,1,2018-09-18,647
2,3,3,2018-09-18,647
1,1,5,2018-09-18,648
3,5,5,2018-09-18,648
2,5,2,2018-09-18,648
1,7,5,2018-09-18,648
1,3,2,2018-09-18,649
3,7,5,2018-09-18,649
2,2,2,2018-09-18,649
4,6,3,2018-09-18,649
3,4,4,2018-09-18,650
4,6,2,2018-09-18,650
4,7,3,2018-09-18,650
3,1,5,2018-09-18,650
1,10,4,2018-09-18,651
4,5,2,2018-09-18,651
3,8,4,2018-09-18,651
2,3,4,2018-09-18,651
1,1,3,2018-09-18,652
3,6,2,2018-09-18,652
4,8,5,2018-09-18,652
2,5,2,2018-09-18,652
1,2,3,2018-09-18,653
2,1,1,2018-09-18,653
1,7,1,2018-09-18,653
3,10,1,2018-09-18,653
4,5,5,2018-09-18,654
1,8,4,2018-09-18,654
2,4,2,2018-09-18,654
1,5,5,2018-09-18,654
3,9,3,2018-09-18,655
1,6,5,2018-09-18,655
4,5,5,2018-09-18,655
2,4,3,2018-09-18,655
2,2,3,2018-09-18,656
4,5,5,2018-09-18,656
4,5,1,2018-09-18,656
3,7,4,2018-09-18,656
1,10,3,2018-09-18,657
4,2,3,2018-09-18,657
1,4,2,2018-09-18,657
3,1,4,2018-09-18,657
2,6,3,2018-09-18,658
1,4,4,2018-09-18,658
4,8,4,2018-09-18,658
3,5,3,2018-09-18,658
3,2,3,2018-09-18,659
1,9,4,2018-09-18,659
4,10,4,2018-09-18,659
1,5,4,2018-09-18,659
4,6,2,2018-09-18,660
2,8,4,2018-09-18,660
1,10,5,2018-09-18,660
3,1,2,2018-09-18,660
1,3,4,2018-09-18,661
2,5,1,2018-09-18,661
4,5,3,2018-09-18,661
2,9,5,2018-09-18,661
1,2,5,2018-09-18,662
4,3,1,2018-09-18,662
3,9,4,2018-09-18,662
4,1,1,2018-09-18,662
2,7,5,2018-09-18,663
1,4,4,2018-09-18,663
1,10,4,2018-09-18,663
2,3,2,2018-09-18,663
4,9,3,2018-09-18,664
2,3,2,2018-09-18,664
2,2,3,2018-09-18,664
1,6,2,2018-09-18,664
4,3,1,2018-09-18,665
1,8,5,2018-09-18,665
4,8,4,2018-09-18,665
3,2,3,2018-09-18,665
3,7,1,2018-09-18,666
2,4,1,2018-09-18,666
4,1,2,2018-09-18,666
3,7,2,2018-09-18,666
4,1,3,2018-09-18,667
3,5,2,2018-09-18,667
4,8,4,2018-09-18,667
1,10,3,2018-09-18,667
4,10,2,2018-09-18,668
2,8,2,2018-09-18,668
1,9,5,2018-09-18,668
4,6,5,2018-09-18,668
3,8,5,2018-09-18,669
4,3,5,2018-09-18,669
3,8,3,2018-09-18,669
4,1,1,2018-09-18,669
1,9,5,2018-09-18,670
4,2,4,2018-09-18,670
1,4,5,2018-09-18,670
3,9,1,2018-09-18,670
2,1,4,2018-09-18,671
1,3,5,2018-09-18,671
2,3,1,2018-09-18,671
4,5,4,2018-09-18,671
2,5,5,2018-09-18,672
1,7,5,2018-09-18,672
4,3,1,2018-09-18,672
1,8,5,2018-09-18,672
3,10,5,2018-09-18,673
2,7,5,2018-09-18,673
2,3,2,2018-09-18,673
1,6,3,2018-09-18,673
2,4,2,2018-09-18,674
4,6,4,2018-09-18,674
2,10,2,2018-09-18,674
1,1,1,2018-09-18,674
3,8,5,2018-09-18,675
4,6,4,2018-09-18,675
2,10,2,2018-09-18,675
4,9,4,2018-09-18,675
3,10,4,2018-09-18,676
2,2,5,2018-09-18,676
3,9,5,2018-09-18,676
2,10,1,2018-09-18,676
1,6,5,2018-09-18,677
3,8,4,2018-09-18,677
1,9,2,2018-09-18,677
3,8,4,2018-09-18,677
1,8,2,2018-09-18,678
2,5,4,2018-09-18,678
4,7,3,2018-09-18,678
1,10,4,2018-09-18,678
1,4,3,2018-09-18,679
2,8,3,2018-09-18,679
4,4,5,2018-09-18,679
1,2,2,2018-09-18,679
4,3,5,2018-09-18,680
1,6,2,2018-09-18,680
4,2,5,2018-09-18,680
1,1,5,2018-09-18,680
2,5,4,2018-09-18,681
4,1,5,2018-09-18,681
4,3,5,2018-09-18,681
1,10,4,2018-09-18,681
4,8,1,2018-09-18,682
1,1,3,2018-09-18,682
4,10,1,2018-09-18,682
2,2,3,2018-09-18,682
2,2,1,2018-09-18,683
4,5,1,2018-09-18,683
4,3,5,2018-09-18,683
2,4,2,2018-09-18,683
3,7,4,2018-09-18,684
1,2,3,2018-09-18,684
3,6,5,2018-09-18,684
4,2,1,2018-09-18,684
2,3,4,2018-09-18,685
3,4,5,2018-09-18,685
4,1,1,2018-09-18,685
2,6,3,2018-09-18,685
4,6,5,2018-09-18,686
1,1,3,2018-09-18,686
2,6,5,2018-09-18,686
4,9,2,2018-09-18,686
2,7,5,2018-09-18,687
4,2,3,2018-09-18,687
2,5,5,2018-09-18,687
1,2,4,2018-09-18,687
3,8,5,2018-09-18,688
4,10,5,2018-09-18,688
1,9,3,2018-09-18,688
4,2,5,2018-09-18,688
4,6,2,2018-09-18,689
2,4,1,2018-09-18,689
3,2,5,2018-09-18,689
1,9,2,2018-09-18,689
3,2,5,2018-09-18,690
2,8,4,2018-09-18,690
2,8,3,2018-09-18,690
3,5,3,2018-09-18,690
2,7,2,2018-09-18,691
1,5,4,2018-09-18,691
3,1,4,2018-09-18,691
2,9,1,2018-09-18,691
1,10,1,2018-09-18,692
2,4,5,2018-09-18,692
1,4,1,2018-09-18,692
3,3,5,2018-09-18,692
3,2,2,2018-09-18,693
4,7,5,2018-09-18,693
2,9,5,2018-09-18,693
1,10,1,2018-09-18,693
2,9,2,2018-09-18,694
4,8,1,2018-09-18,694
3,10,4,2018-09-18,694
2,5,4,2018-09-18,694
4,9,3,2018-09-18,695
2,7,1,2018-09-18,695
3,4,5,2018-09-18,695
4,3,1,2018-09-18,695
2,2,3,2018-09-18,696
3,3,3,2018-09-18,696
1,9,3,2018-09-18,696
3,2,1,2018-09-18,696
2,6,2,2018-09-18,697
4,4,1,2018-09-18,697
4,4,4,2018-09-18,697
3,10,3,2018-09-18,697
2,3,5,2018-09-18,698
1,4,3,2018-09-18,698
3,5,5,2018-09-18,698
1,7,3,2018-09-18,698
3,3,4,2018-09-18,699
1,9,1,2018-09-18,699
3,2,2,2018-09-18,699
4,3,1,2018-09-18,699
1,5,1,2018-09-18,700
4,9,3,2018-09-18,700
2,3,1,2018-09-18,700
4,7,4,2018-09-18,700
4,6,3,2018-09-18,701
2,2,2,2018-09-18,701
2,5,1,2018-09-18,701
4,9,5,2018-09-18,701
1,2,2,2018-09-18,702
4,3,4,2018-09-18,702
3,3,4,2018-09-18,702
4,2,1,2018-09-18,702
1,10,4,2018-09-18,703
3,6,4,2018-09-18,703
1,8,3,2018-09-18,703
4,9,2,2018-09-18,703
1,9,2,2018-09-18,704
4,6,1,2018-09-18,704
2,3,3,2018-09-18,704
4,9,5,2018-09-18,704
2,2,1,2018-09-18,705
4,10,3,2018-09-18,705
1,2,2,2018-09-18,705
2,7,2,2018-09-18,705
2,5,1,2018-09-18,706
3,10,1,2018-09-18,706
4,10,1,2018-09-18,706
2,4,1,2018-09-18,706
3,5,1,2018-09-18,707
4,8,5,2018-09-18,707
1,8,4,2018-09-18,707
3,6,3,2018-09-18,707
4,4,3,2018-09-18,708
3,3,1,2018-09-18,708
4,3,4,2018-09-18,708
2,10,2,2018-09-18,708
3,4,3,2018-09-18,709
4,7,2,2018-09-18,709
4,2,4,2018-09-18,709
3,6,5,2018-09-18,709
2,10,5,2018-09-18,710
1,3,1,2018-09-18,710
3,6,3,2018-09-18,710
4,7,4,2018-09-18,710
3,7,3,2018-09-18,711
4,10,2,2018-09-18,711
2,3,3,2018-09-18,711
4,2,4,2018-09-18,711
2,10,3,2018-09-18,712
1,5,2,2018-09-18,712
3,4,4,2018-09-18,712
1,5,5,2018-09-18,712
3,9,1,2018-09-18,713
1,8,4,2018-09-18,713
1,6,2,2018-09-18,713
4,4,2,2018-09-18,713
1,8,5,2018-09-18,714
4,7,5,2018-09-18,714
3,4,3,2018-09-18,714
4,2,3,2018-09-18,714
3,2,2,2018-09-18,715
1,9,4,2018-09-18,715
3,1,1,2018-09-18,715
4,4,3,2018-09-18,715
1,6,4,2018-09-18,716
2,8,4,2018-09-18,716
1,8,5,2018-09-18,716
3,2,1,2018-09-18,716
3,7,5,2018-09-18,717
4,5,4,2018-09-18,717
1,6,5,2018-09-18,717
2,2,4,2018-09-18,717
3,5,5,2018-09-18,718
4,6,3,2018-09-18,718
2,1,1,2018-09-18,718
4,9,4,2018-09-18,718
1,9,5,2018-09-18,719
2,6,2,2018-09-18,719
2,9,5,2018-09-18,719
1,1,5,2018-09-18,719
1,9,2,2018-09-18,720
3,3,5,2018-09-18,720
1,10,4,2018-09-18,720
2,5,1,2018-09-18,720
3,9,3,2018-09-18,721
4,1,3,2018-09-18,721
3,5,4,2018-09-18,721
4,7,4,2018-09-18,721
2,7,2,2018-09-18,722
3,3,3,2018-09-18,722
1,9,3,2018-09-18,722
3,2,1,2018-09-18,722
3,2,4,2018-09-18,723
4,5,1,2018-09-18,723
4,7,5,2018-09-18,723
1,8,3,2018-09-18,723
4,8,3,2018-09-18,724
2,3,3,2018-09-18,724
1,7,1,2018-09-18,724
4,3,3,2018-09-18,724
1,8,1,2018-09-18,725
3,1,1,2018-09-18,725
2,4,4,2018-09-18,725
3,1,4,2018-09-18,725
4,4,3,2018-09-18,726
3,10,4,2018-09-18,726
3,7,1,2018-09-18,726
1,2,1,2018-09-18,726
3,6,4,2018-09-18,727
4,10,4,2018-09-18,727
4,10,5,2018-09-18,727
3,9,5,2018-09-18,727
3,1,3,2018-09-18,728
2,7,2,2018-09-18,728
4,1,1,2018-09-18,728
3,8,2,2018-09-18,728
1,10,4,2018-09-18,729
3,2,5,2018-09-18,729
1,4,4,2018-09-18,729
4,6,3,2018-09-18,729
4,7,2,2018-09-18,730
1,2,3,2018-09-18,730
3,10,1,2018-09-18,730
1,9,2,2018-09-18,730
3,7,3,2018-09-18,731
2,2,2,2018-09-18,731
1,3,1,2018-09-18,731
2,6,3,2018-09-18,731
4,4,3,2018-09-18,732
2,5,2,2018-09-18,732
4,6,5,2018-09-18,732
3,10,1,2018-09-18,732
2,6,1,2018-09-18,733
3,7,2,2018-09-18,733
3,9,3,2018-09-18,733
2,4,4,2018-09-18,733
2,6,4,2018-09-18,734
1,9,1,2018-09-18,734
2,1,1,2018-09-18,734
1,3,3,2018-09-18,734
3,4,4,2018-09-18,735
1,5,2,2018-09-18,735
1,10,4,2018-09-18,735
4,5,4,2018-09-18,735
4,9,4,2018-09-18,736
2,6,2,2018-09-18,736
2,2,5,2018-09-18,736
1,10,5,2018-09-18,736
4,8,4,2018-09-18,737
2,1,4,2018-09-18,737
1,7,2,2018-09-18,737
3,4,5,2018-09-18,737
2,3,3,2018-09-18,738
4,6,3,2018-09-18,738
2,9,1,2018-09-18,738
3,8,3,2018-09-18,738
4,5,5,2018-09-18,739
3,4,4,2018-09-18,739
1,5,1,2018-09-18,739
2,7,5,2018-09-18,739
2,6,2,2018-09-18,740
4,8,3,2018-09-18,740
3,8,5,2018-09-18,740
1,1,4,2018-09-18,740
4,9,2,2018-09-18,741
3,5,4,2018-09-18,741
2,9,1,2018-09-18,741
3,2,5,2018-09-18,741
1,2,1,2018-09-18,742
2,4,4,2018-09-18,742
3,8,1,2018-09-18,742
2,2,4,2018-09-18,742
3,2,3,2018-09-18,743
2,5,2,2018-09-18,743
1,7,5,2018-09-18,743
4,4,1,2018-09-18,743
1,9,5,2018-09-18,744
2,6,4,2018-09-18,744
2,1,3,2018-09-18,744
3,9,2,2018-09-18,744
1,1,1,2018-09-18,745
3,4,5,2018-09-18,745
4,6,3,2018-09-18,745
1,4,3,2018-09-18,745
3,9,3,2018-09-18,746
1,3,4,2018-09-18,746
3,7,2,2018-09-18,746
1,4,5,2018-09-18,746
4,3,3,2018-09-18,747
2,8,1,2018-09-18,747
1,10,1,2018-09-18,747
4,9,5,2018-09-18,747
2,2,5,2018-09-18,748
3,4,1,2018-09-18,748
1,8,3,2018-09-18,748
4,4,3,2018-09-18,748
1,5,4,2018-09-18,749
3,10,4,2018-09-18,749
2,2,5,2018-09-18,749
3,3,4,2018-09-18,749
3,1,5,2018-09-18,750
4,6,5,2018-09-18,750
1,4,2,2018-09-18,750
2,8,4,2018-09-18,750
1,6,1,2018-09-18,751
2,2,5,2018-09-18,751
2,7,4,2018-09-18,751
1,10,4,2018-09-18,751
3,1,4,2018-09-18,752
1,4,3,2018-09-18,752
1,3,1,2018-09-18,752
3,7,5,2018-09-18,752
1,3,2,2018-09-18,753
4,10,5,2018-09-18,753
1,9,5,2018-09-18,753
4,10,2,2018-09-18,753
1,1,1,2018-09-18,754
3,4,3,2018-09-18,754
3,6,5,2018-09-18,754
1,5,1,2018-09-18,754
1,9,2,2018-09-18,755
2,3,3,2018-09-18,755
3,10,2,2018-09-18,755
2,5,3,2018-09-18,755
2,3,4,2018-09-18,756
3,4,1,2018-09-18,756
1,5,5,2018-09-18,756
3,4,3,2018-09-18,756
1,7,3,2018-09-18,757
2,6,4,2018-09-18,757
1,10,4,2018-09-18,757
2,3,2,2018-09-18,757
3,3,1,2018-09-18,758
1,8,4,2018-09-18,758
4,1,4,2018-09-18,758
2,7,4,2018-09-18,758
4,1,4,2018-09-18,759
2,8,5,2018-09-18,759
1,6,4,2018-09-18,759
4,3,3,2018-09-18,759
1,2,2,2018-09-18,760
4,10,5,2018-09-18,760
3,5,4,2018-09-18,760
2,1,2,2018-09-18,760
3,4,3,2018-09-18,761
2,10,1,2018-09-18,761
1,9,3,2018-09-18,761
4,2,4,2018-09-18,761
1,4,3,2018-09-18,762
2,6,4,2018-09-18,762
2,2,5,2018-09-18,762
3,3,3,2018-09-18,762
1,4,3,2018-09-18,763
3,7,2,2018-09-18,763
1,4,5,2018-09-18,763
3,5,5,2018-09-18,763
2,7,4,2018-09-18,764
3,2,5,2018-09-18,764
1,2,2,2018-09-18,764
2,5,5,2018-09-18,764
1,4,4,2018-09-18,765
3,3,2,2018-09-18,765
3,1,3,2018-09-18,765
1,10,1,2018-09-18,765
4,2,4,2018-09-18,766
1,1,2,2018-09-18,766
4,5,3,2018-09-18,766
2,9,4,2018-09-18,766
3,2,2,2018-09-18,767
1,8,4,2018-09-18,767
3,9,4,2018-09-18,767
1,6,2,2018-09-18,767
1,2,3,2018-09-18,768
2,5,5,2018-09-18,768
2,3,2,2018-09-18,768
1,10,2,2018-09-18,768
1,3,4,2018-09-18,769
4,5,1,2018-09-18,769
2,4,1,2018-09-18,769
3,8,1,2018-09-18,769
2,10,4,2018-09-18,770
1,9,3,2018-09-18,770
2,10,1,2018-09-18,770
4,3,5,2018-09-18,770
4,2,1,2018-09-18,771
3,8,5,2018-09-18,771
3,10,4,2018-09-18,771
2,4,5,2018-09-18,771
2,10,5,2018-09-18,772
1,5,2,2018-09-18,772
4,2,5,2018-09-18,772
3,8,1,2018-09-18,772
1,4,5,2018-09-18,773
3,5,5,2018-09-18,773
4,1,1,2018-09-18,773
2,10,5,2018-09-18,773
2,3,4,2018-09-18,774
1,10,2,2018-09-18,774
2,7,4,2018-09-18,774
3,6,3,2018-09-18,774
3,9,3,2018-09-18,775
1,3,4,2018-09-18,775
2,5,3,2018-09-18,775
1,8,2,2018-09-18,775
2,2,5,2018-09-18,776
4,10,2,2018-09-18,776
4,10,5,2018-09-18,776
2,2,2,2018-09-18,776
1,5,4,2018-09-18,777
4,6,4,2018-09-18,777
4,8,3,2018-09-18,777
2,6,5,2018-09-18,777
1,9,4,2018-09-18,778
4,5,3,2018-09-18,778
1,7,5,2018-09-18,778
4,8,3,2018-09-18,778
2,9,5,2018-09-18,779
1,7,5,2018-09-18,779
1,1,1,2018-09-18,779
2,8,2,2018-09-18,779
3,3,5,2018-09-18,780
2,10,2,2018-09-18,780
1,6,2,2018-09-18,780
4,5,5,2018-09-18,780
1,1,4,2018-09-18,781
3,6,4,2018-09-18,781
2,8,3,2018-09-18,781
4,4,1,2018-09-18,781
4,3,3,2018-09-18,782
3,6,5,2018-09-18,782
4,10,5,2018-09-18,782
1,8,3,2018-09-18,782
2,1,4,2018-09-18,783
3,2,1,2018-09-18,783
4,2,1,2018-09-18,783
1,9,4,2018-09-18,783
4,8,5,2018-09-18,784
2,10,1,2018-09-18,784
1,2,3,2018-09-18,784
2,1,4,2018-09-18,784
2,4,3,2018-09-18,785
4,5,1,2018-09-18,785
4,7,2,2018-09-18,785
2,6,3,2018-09-18,785
2,1,4,2018-09-18,786
4,6,3,2018-09-18,786
3,3,4,2018-09-18,786
1,5,1,2018-09-18,786
3,8,2,2018-09-18,787
1,4,2,2018-09-18,787
3,4,5,2018-09-18,787
1,2,1,2018-09-18,787
1,3,4,2018-09-18,788
3,7,3,2018-09-18,788
4,7,2,2018-09-18,788
3,3,3,2018-09-18,788
4,4,2,2018-09-18,789
1,5,4,2018-09-18,789
2,6,4,2018-09-18,789
3,4,1,2018-09-18,789
2,2,1,2018-09-18,790
3,5,5,2018-09-18,790
4,2,2,2018-09-18,790
2,1,1,2018-09-18,790
1,4,4,2018-09-18,791
2,6,2,2018-09-18,791
1,8,1,2018-09-18,791
3,5,3,2018-09-18,791
3,1,3,2018-09-18,792
2,4,2,2018-09-18,792
2,8,3,2018-09-18,792
3,4,2,2018-09-18,792
2,2,5,2018-09-18,793
3,8,3,2018-09-18,793
2,3,3,2018-09-18,793
1,4,5,2018-09-18,793
3,3,4,2018-09-18,794
1,4,1,2018-09-18,794
3,3,4,2018-09-18,794
4,10,2,2018-09-18,794
1,8,2,2018-09-18,795
4,5,3,2018-09-18,795
4,8,3,2018-09-18,795
1,5,2,2018-09-18,795
1,1,2,2018-09-18,796
4,8,3,2018-09-18,796
1,9,2,2018-09-18,796
4,2,4,2018-09-18,796
2,1,1,2018-09-18,797
4,4,3,2018-09-18,797
1,4,3,2018-09-18,797
3,6,5,2018-09-18,797
3,3,3,2018-09-18,798
1,7,1,2018-09-18,798
4,4,4,2018-09-18,798
3,5,1,2018-09-18,798
2,8,3,2018-09-18,799
4,10,1,2018-09-18,799
1,6,1,2018-09-18,799
2,7,1,2018-09-18,799
1,3,3,2018-09-18,800
4,7,5,2018-09-18,800
4,5,5,2018-09-18,800
3,9,2,2018-09-18,800
2,5,1,2018-09-18,801
4,10,2,2018-09-18,801
1,8,3,2018-09-18,801
4,3,3,2018-09-18,801
3,4,1,2018-09-18,802
2,7,5,2018-09-18,802
3,2,5,2018-09-18,802
2,10,2,2018-09-18,802
2,6,1,2018-09-18,803
1,7,2,2018-09-18,803
2,5,1,2018-09-18,803
1,7,3,2018-09-18,803
1,8,1,2018-09-18,804
2,4,2,2018-09-18,804
1,7,1,2018-09-18,804
4,1,2,2018-09-18,804
3,7,1,2018-09-18,805
1,9,4,2018-09-18,805
4,6,2,2018-09-18,805
3,10,3,2018-09-18,805
4,4,3,2018-09-18,806
1,5,5,2018-09-18,806
1,3,1,2018-09-18,806
4,2,2,2018-09-18,806
1,10,3,2018-09-18,807
4,6,5,2018-09-18,807
2,5,1,2018-09-18,807
1,8,1,2018-09-18,807
1,2,1,2018-09-18,808
4,3,4,2018-09-18,808
2,10,3,2018-09-18,808
1,9,1,2018-09-18,808
1,9,4,2018-09-18,809
2,3,2,2018-09-18,809
1,7,3,2018-09-18,809
4,3,1,2018-09-18,809
1,1,5,2018-09-18,810
2,5,1,2018-09-18,810
4,10,4,2018-09-18,810
1,6,3,2018-09-18,810
1,8,5,2018-09-18,811
4,5,4,2018-09-18,811
2,8,5,2018-09-18,811
3,2,2,2018-09-18,811
1,9,4,2018-09-18,812
4,3,4,2018-09-18,812
2,4,4,2018-09-18,812
1,2,3,2018-09-18,812
3,7,2,2018-09-18,813
4,10,3,2018-09-18,813
3,9,4,2018-09-18,813
2,1,4,2018-09-18,813
1,6,5,2018-09-18,814
2,1,4,2018-09-18,814
3,7,3,2018-09-18,814
2,10,4,2018-09-18,814
3,5,5,2018-09-18,815
2,6,5,2018-09-18,815
1,9,1,2018-09-18,815
4,4,3,2018-09-18,815
4,1,5,2018-09-18,816
3,9,4,2018-09-18,816
1,2,3,2018-09-18,816
2,8,1,2018-09-18,816
1,7,1,2018-09-18,817
3,3,3,2018-09-18,817
2,7,4,2018-09-18,817
4,10,2,2018-09-18,817
3,5,4,2018-09-18,818
1,9,3,2018-09-18,818
3,3,2,2018-09-18,818
4,1,3,2018-09-18,818
3,5,2,2018-09-18,819
2,3,1,2018-09-18,819
3,5,4,2018-09-18,819
4,7,5,2018-09-18,819
4,8,3,2018-09-18,820
1,1,1,2018-09-18,820
2,3,5,2018-09-18,820
1,4,4,2018-09-18,820
3,4,1,2018-09-18,821
4,9,5,2018-09-18,821
2,8,3,2018-09-18,821
4,4,4,2018-09-18,821
1,9,5,2018-09-18,822
2,1,4,2018-09-18,822
3,1,1,2018-09-18,822
1,9,5,2018-09-18,822
3,3,4,2018-09-18,823
4,1,3,2018-09-18,823
3,4,3,2018-09-18,823
4,10,4,2018-09-18,823
2,7,1,2018-09-18,824
3,10,3,2018-09-18,824
2,2,3,2018-09-18,824
1,4,4,2018-09-18,824
2,4,5,2018-09-18,825
3,1,1,2018-09-18,825
1,3,1,2018-09-18,825
2,2,4,2018-09-18,825
3,2,3,2018-09-18,826
1,4,2,2018-09-18,826
3,8,5,2018-09-18,826
4,7,4,2018-09-18,826
2,10,2,2018-09-18,827
4,5,1,2018-09-18,827
3,6,3,2018-09-18,827
1,7,1,2018-09-18,827
4,8,3,2018-09-18,828
1,5,4,2018-09-18,828
2,5,2,2018-09-18,828
4,9,4,2018-09-18,828
2,6,5,2018-09-18,829
3,2,2,2018-09-18,829
1,4,2,2018-09-18,829
2,8,4,2018-09-18,829
1,7,2,2018-09-18,830
3,5,5,2018-09-18,830
1,4,1,2018-09-18,830
4,3,1,2018-09-18,830
2,10,1,2018-09-18,831
3,4,4,2018-09-18,831
3,4,1,2018-09-18,831
2,2,4,2018-09-18,831
1,7,1,2018-09-18,832
2,1,4,2018-09-18,832
3,10,4,2018-09-18,832
4,7,4,2018-09-18,832
3,10,1,2018-09-18,833
1,4,2,2018-09-18,833
3,10,2,2018-09-18,833
1,9,4,2018-09-18,833
4,7,4,2018-09-18,834
2,9,5,2018-09-18,834
4,7,1,2018-09-18,834
2,10,4,2018-09-18,834
3,5,3,2018-09-18,835
1,9,1,2018-09-18,835
4,10,3,2018-09-18,835
2,9,4,2018-09-18,835
4,4,5,2018-09-18,836
1,7,3,2018-09-18,836
2,4,5,2018-09-18,836
3,8,1,2018-09-18,836
4,5,5,2018-09-18,837
2,8,4,2018-09-18,837
3,9,3,2018-09-18,837
4,7,2,2018-09-18,837
3,9,4,2018-09-18,838
4,7,2,2018-09-18,838
4,6,4,2018-09-18,838
1,8,1,2018-09-18,838
2,10,1,2018-09-18,839
4,9,1,2018-09-18,839
1,2,3,2018-09-18,839
4,7,5,2018-09-18,839
4,9,1,2018-09-18,840
3,1,2,2018-09-18,840
1,10,2,2018-09-18,840
3,8,5,2018-09-18,840
2,9,3,2018-09-18,841
4,7,2,2018-09-18,841
2,2,4,2018-09-18,841
1,7,4,2018-09-18,841
3,8,2,2018-09-18,842
4,5,2,2018-09-18,842
4,2,3,2018-09-18,842
2,9,5,2018-09-18,842
4,8,5,2018-09-18,843
1,3,2,2018-09-18,843
1,8,4,2018-09-18,843
4,10,4,2018-09-18,843
4,7,5,2018-09-18,844
1,3,5,2018-09-18,844
1,10,1,2018-09-18,844
2,1,1,2018-09-18,844
1,5,4,2018-09-18,845
3,9,4,2018-09-18,845
1,8,4,2018-09-18,845
4,5,3,2018-09-18,845
4,6,2,2018-09-18,846
2,4,3,2018-09-18,846
4,9,3,2018-09-18,846
1,10,3,2018-09-18,846
3,6,1,2018-09-18,847
2,9,5,2018-09-18,847
4,4,3,2018-09-18,847
1,1,2,2018-09-18,847
1,1,5,2018-09-18,848
4,4,1,2018-09-18,848
4,6,4,2018-09-18,848
2,9,1,2018-09-18,848
1,7,3,2018-09-18,849
3,8,4,2018-09-18,849
2,6,2,2018-09-18,849
3,10,2,2018-09-18,849
3,8,2,2018-09-18,850
2,9,5,2018-09-18,850
4,2,1,2018-09-18,850
1,8,4,2018-09-18,850
4,6,4,2018-09-18,851
1,5,5,2018-09-18,851
1,10,5,2018-09-18,851
4,2,2,2018-09-18,851
3,5,3,2018-09-18,852
2,7,5,2018-09-18,852
4,9,4,2018-09-18,852
2,1,4,2018-09-18,852
1,5,1,2018-09-18,853
2,8,5,2018-09-18,853
3,10,2,2018-09-18,853
2,8,1,2018-09-18,853
4,7,5,2018-09-18,854
3,4,2,2018-09-18,854
1,3,2,2018-09-18,854
3,5,2,2018-09-18,854
3,2,2,2018-09-18,855
4,8,5,2018-09-18,855
3,9,1,2018-09-18,855
1,7,4,2018-09-18,855
4,8,4,2018-09-18,856
1,6,4,2018-09-18,856
3,8,2,2018-09-18,856
2,6,4,2018-09-18,856
4,8,5,2018-09-18,857
2,10,5,2018-09-18,857
4,8,5,2018-09-18,857
1,2,4,2018-09-18,857
4,2,4,2018-09-18,858
3,3,3,2018-09-18,858
2,10,2,2018-09-18,858
3,1,4,2018-09-18,858
1,1,2,2018-09-18,859
2,8,2,2018-09-18,859
3,9,4,2018-09-18,859
1,2,1,2018-09-18,859
3,3,2,2018-09-18,860
4,9,5,2018-09-18,860
2,9,1,2018-09-18,860
1,8,5,2018-09-18,860
2,2,4,2018-09-18,861
1,5,2,2018-09-18,861
1,4,1,2018-09-18,861
4,3,4,2018-09-18,861
1,9,5,2018-09-18,862
3,3,1,2018-09-18,862
4,2,1,2018-09-18,862
1,1,1,2018-09-18,862
3,6,5,2018-09-18,863
1,10,1,2018-09-18,863
4,8,1,2018-09-18,863
3,1,4,2018-09-18,863
1,8,4,2018-09-18,864
2,6,1,2018-09-18,864
3,7,2,2018-09-18,864
2,4,4,2018-09-18,864
4,4,5,2018-09-18,865
2,10,3,2018-09-18,865
2,8,2,2018-09-18,865
3,4,1,2018-09-18,865
2,3,4,2018-09-18,866
1,7,3,2018-09-18,866
1,4,5,2018-09-18,866
2,7,1,2018-09-18,866
4,4,3,2018-09-18,867
1,9,1,2018-09-18,867
2,10,5,2018-09-18,867
1,8,2,2018-09-18,867
1,4,3,2018-09-18,868
3,6,1,2018-09-18,868
4,2,2,2018-09-18,868
2,7,2,2018-09-18,868
1,2,2,2018-09-18,869
3,6,5,2018-09-18,869
2,6,1,2018-09-18,869
4,10,4,2018-09-18,869
2,7,4,2018-09-18,870
3,6,1,2018-09-18,870
4,7,1,2018-09-18,870
2,4,5,2018-09-18,870
2,1,1,2018-09-18,871
4,7,1,2018-09-18,871
4,9,5,2018-09-18,871
2,8,1,2018-09-18,871
3,10,2,2018-09-18,872
1,7,1,2018-09-18,872
4,4,5,2018-09-18,872
3,2,2,2018-09-18,872
3,8,1,2018-09-18,873
2,10,2,2018-09-18,873
2,4,3,2018-09-18,873
3,1,5,2018-09-18,873
3,7,4,2018-09-18,874
1,2,2,2018-09-18,874
3,3,1,2018-09-18,874
4,7,1,2018-09-18,874
4,10,2,2018-09-18,875
3,8,5,2018-09-18,875
1,6,3,2018-09-18,875
3,8,1,2018-09-18,875
2,10,2,2018-09-18,876
1,5,2,2018-09-18,876
2,1,5,2018-09-18,876
1,5,4,2018-09-18,876
2,2,2,2018-09-18,877
3,4,1,2018-09-18,877
3,1,5,2018-09-18,877
4,3,4,2018-09-18,877
3,4,4,2018-09-18,878
1,10,3,2018-09-18,878
4,5,3,2018-09-18,878
2,4,2,2018-09-18,878
4,6,1,2018-09-18,879
3,5,3,2018-09-18,879
1,6,5,2018-09-18,879
2,4,2,2018-09-18,879
4,7,4,2018-09-18,880
2,8,5,2018-09-18,880
4,3,1,2018-09-18,880
1,8,2,2018-09-18,880
1,6,5,2018-09-18,881
4,5,3,2018-09-18,881
4,9,5,2018-09-18,881
3,5,4,2018-09-18,881
4,6,1,2018-09-18,882
1,8,3,2018-09-18,882
2,9,1,2018-09-18,882
3,1,3,2018-09-18,882
2,1,3,2018-09-18,883
1,10,1,2018-09-18,883
4,4,3,2018-09-18,883
3,9,2,2018-09-18,883
1,5,4,2018-09-18,884
3,4,1,2018-09-18,884
4,9,5,2018-09-18,884
1,10,2,2018-09-18,884
1,6,2,2018-09-18,885
3,2,4,2018-09-18,885
1,3,3,2018-09-18,885
4,6,5,2018-09-18,885
3,5,4,2018-09-18,886
4,6,5,2018-09-18,886
1,5,2,2018-09-18,886
3,4,2,2018-09-18,886
4,3,5,2018-09-18,887
1,6,5,2018-09-18,887
4,9,5,2018-09-18,887
3,3,3,2018-09-18,887
4,1,1,2018-09-18,888
3,9,2,2018-09-18,888
2,5,2,2018-09-18,888
4,2,4,2018-09-18,888
4,5,4,2018-09-18,889
1,8,4,2018-09-18,889
2,9,5,2018-09-18,889
1,8,4,2018-09-18,889
4,9,5,2018-09-18,890
2,6,5,2018-09-18,890
1,10,4,2018-09-18,890
4,2,1,2018-09-18,890
2,1,1,2018-09-18,891
3,5,3,2018-09-18,891
2,7,4,2018-09-18,891
3,1,5,2018-09-18,891
2,8,3,2018-09-18,892
1,9,1,2018-09-18,892
2,1,4,2018-09-18,892
3,2,2,2018-09-18,892
4,9,2,2018-09-18,893
1,7,3,2018-09-18,893
1,7,4,2018-09-18,893
4,9,5,2018-09-18,893
4,8,4,2018-09-18,894
2,9,5,2018-09-18,894
4,2,1,2018-09-18,894
1,5,5,2018-09-18,894
1,2,2,2018-09-18,895
4,7,1,2018-09-18,895
1,3,2,2018-09-18,895
2,1,2,2018-09-18,895
4,7,5,2018-09-18,896
3,4,5,2018-09-18,896
1,4,5,2018-09-18,896
2,10,5,2018-09-18,896
3,8,1,2018-09-18,897
2,10,2,2018-09-18,897
4,8,3,2018-09-18,897
2,5,3,2018-09-18,897
2,7,2,2018-09-18,898
4,9,1,2018-09-18,898
3,1,5,2018-09-18,898
1,9,4,2018-09-18,898
2,1,3,2018-09-18,899
3,5,5,2018-09-18,899
2,7,1,2018-09-18,899
4,2,1,2018-09-18,899
3,2,2,2018-09-18,900
2,10,3,2018-09-18,900
3,4,5,2018-09-18,900
2,8,1,2018-09-18,900
1,6,1,2018-09-18,901
4,8,5,2018-09-18,901
4,1,3,2018-09-18,901
3,3,1,2018-09-18,901
2,4,5,2018-09-18,902
1,10,2,2018-09-18,902
1,8,5,2018-09-18,902
3,10,3,2018-09-18,902
4,7,4,2018-09-18,903
1,3,3,2018-09-18,903
1,7,1,2018-09-18,903
4,1,2,2018-09-18,903
1,7,2,2018-09-18,904
4,8,4,2018-09-18,904
3,6,3,2018-09-18,904
1,3,1,2018-09-18,904
4,9,1,2018-09-18,905
2,7,1,2018-09-18,905
1,7,4,2018-09-18,905
3,10,1,2018-09-18,905
2,8,3,2018-09-18,906
3,1,4,2018-09-18,906
3,9,4,2018-09-18,906
1,4,4,2018-09-18,906
2,8,5,2018-09-18,907
1,1,1,2018-09-18,907
3,1,5,2018-09-18,907
4,7,2,2018-09-18,907
1,6,2,2018-09-18,908
3,2,2,2018-09-18,908
4,7,3,2018-09-18,908
3,8,1,2018-09-18,908
2,9,5,2018-09-18,909
1,7,2,2018-09-18,909
1,4,3,2018-09-18,909
2,9,2,2018-09-18,909
3,6,5,2018-09-18,910
1,2,2,2018-09-18,910
4,2,2,2018-09-18,910
2,8,4,2018-09-18,910
1,6,4,2018-09-18,911
4,8,2,2018-09-18,911
3,5,5,2018-09-18,911
2,7,4,2018-09-18,911
4,4,1,2018-09-18,912
2,8,2,2018-09-18,912
2,8,4,2018-09-18,912
4,10,4,2018-09-18,912
4,5,4,2018-09-18,913
1,10,3,2018-09-18,913
4,6,3,2018-09-18,913
1,4,4,2018-09-18,913
2,1,4,2018-09-18,914
3,3,2,2018-09-18,914
2,10,5,2018-09-18,914
4,3,3,2018-09-18,914
3,5,4,2018-09-18,915
1,3,2,2018-09-18,915
1,7,5,2018-09-18,915
3,4,1,2018-09-18,915
4,9,3,2018-09-18,916
2,7,1,2018-09-18,916
1,6,1,2018-09-18,916
3,9,5,2018-09-18,916
4,8,4,2018-09-18,917
2,3,1,2018-09-18,917
3,1,4,2018-09-18,917
4,8,1,2018-09-18,917
2,3,2,2018-09-18,918
4,5,2,2018-09-18,918
2,9,2,2018-09-18,918
4,7,2,2018-09-18,918
3,7,3,2018-09-18,919
1,3,3,2018-09-18,919
1,10,1,2018-09-18,919
2,1,2,2018-09-18,919
3,10,2,2018-09-18,920
4,5,2,2018-09-18,920
1,5,5,2018-09-18,920
3,6,1,2018-09-18,920
2,1,4,2018-09-18,921
1,6,4,2018-09-18,921
4,2,5,2018-09-18,921
2,6,4,2018-09-18,921
2,10,2,2018-09-18,922
1,5,4,2018-09-18,922
1,1,1,2018-09-18,922
4,5,3,2018-09-18,922
2,6,5,2018-09-18,923
4,2,4,2018-09-18,923
2,1,2,2018-09-18,923
1,7,5,2018-09-18,923
2,4,1,2018-09-18,924
1,1,2,2018-09-18,924
1,9,1,2018-09-18,924
2,10,4,2018-09-18,924
4,3,3,2018-09-18,925
1,2,1,2018-09-18,925
1,10,3,2018-09-18,925
2,7,1,2018-09-18,925
4,5,2,2018-09-18,926
2,7,1,2018-09-18,926
1,3,4,2018-09-18,926
2,4,2,2018-09-18,926
4,4,1,2018-09-18,927
3,10,3,2018-09-18,927
2,1,5,2018-09-18,927
1,6,1,2018-09-18,927
2,3,5,2018-09-18,928
1,5,5,2018-09-18,928
1,9,1,2018-09-18,928
3,4,3,2018-09-18,928
4,4,1,2018-09-18,929
1,8,5,2018-09-18,929
4,4,3,2018-09-18,929
2,2,2,2018-09-18,929
4,6,2,2018-09-18,930
1,10,4,2018-09-18,930
1,5,1,2018-09-18,930
2,6,3,2018-09-18,930
1,7,3,2018-09-18,931
4,9,4,2018-09-18,931
2,8,3,2018-09-18,931
4,1,3,2018-09-18,931
3,1,4,2018-09-18,932
1,2,4,2018-09-18,932
2,2,1,2018-09-18,932
3,10,2,2018-09-18,932
1,3,1,2018-09-18,933
3,8,3,2018-09-18,933
3,9,1,2018-09-18,933
2,3,3,2018-09-18,933
4,3,3,2018-09-18,934
1,1,5,2018-09-18,934
2,9,3,2018-09-18,934
3,5,3,2018-09-18,934
1,1,3,2018-09-18,935
2,7,5,2018-09-18,935
4,5,3,2018-09-18,935
1,10,4,2018-09-18,935
2,3,5,2018-09-18,936
3,10,5,2018-09-18,936
1,6,3,2018-09-18,936
4,2,3,2018-09-18,936
3,7,1,2018-09-18,937
1,5,1,2018-09-18,937
4,1,5,2018-09-18,937
2,6,3,2018-09-18,937
3,4,3,2018-09-18,938
2,9,1,2018-09-18,938
3,2,2,2018-09-18,938
1,4,2,2018-09-18,938
2,10,5,2018-09-18,939
1,5,4,2018-09-18,939
2,2,4,2018-09-18,939
4,5,4,2018-09-18,939
2,9,1,2018-09-18,940
1,8,3,2018-09-18,940
4,3,5,2018-09-18,940
1,8,1,2018-09-18,940
2,2,4,2018-09-18,941
3,9,4,2018-09-18,941
2,4,2,2018-09-18,941
4,8,4,2018-09-18,941
3,9,3,2018-09-18,942
4,1,4,2018-09-18,942
2,1,3,2018-09-18,942
3,2,1,2018-09-18,942
1,3,2,2018-09-18,943
3,5,5,2018-09-18,943
2,7,3,2018-09-18,943
4,2,2,2018-09-18,943
4,7,4,2018-09-18,944
3,3,4,2018-09-18,944
4,3,3,2018-09-18,944
2,6,2,2018-09-18,944
4,4,4,2018-09-18,945
2,9,5,2018-09-18,945
1,8,4,2018-09-18,945
2,6,1,2018-09-18,945
2,4,2,2018-09-18,946
3,2,1,2018-09-18,946
4,10,5,2018-09-18,946
3,7,4,2018-09-18,946
3,4,2,2018-09-18,947
4,7,2,2018-09-18,947
3,9,1,2018-09-18,947
4,4,3,2018-09-18,947
3,9,5,2018-09-18,948
4,7,5,2018-09-18,948
2,10,2,2018-09-18,948
4,6,5,2018-09-18,948
1,4,4,2018-09-18,949
2,7,1,2018-09-18,949
2,1,1,2018-09-18,949
1,4,2,2018-09-18,949
3,5,4,2018-09-18,950
2,7,5,2018-09-18,950
2,4,3,2018-09-18,950
3,1,1,2018-09-18,950
3,5,4,2018-09-18,951
2,8,3,2018-09-18,951
3,9,5,2018-09-18,951
2,10,4,2018-09-18,951
1,5,3,2018-09-18,952
4,10,1,2018-09-18,952
3,2,1,2018-09-18,952
1,1,5,2018-09-18,952
4,3,5,2018-09-18,953
2,2,3,2018-09-18,953
3,3,4,2018-09-18,953
4,2,2,2018-09-18,953
3,6,3,2018-09-18,954
1,10,5,2018-09-18,954
1,8,4,2018-09-18,954
2,9,2,2018-09-18,954
4,6,2,2018-09-18,955
1,7,4,2018-09-18,955
2,3,2,2018-09-18,955
3,8,1,2018-09-18,955
2,10,5,2018-09-18,956
4,8,2,2018-09-18,956
3,8,2,2018-09-18,956
4,7,5,2018-09-18,956
4,2,1,2018-09-18,957
1,5,5,2018-09-18,957
2,2,3,2018-09-18,957
1,1,5,2018-09-18,957
1,1,1,2018-09-18,958
3,3,5,2018-09-18,958
3,7,5,2018-09-18,958
4,1,4,2018-09-18,958
4,8,5,2018-09-18,959
2,10,1,2018-09-18,959
2,9,3,2018-09-18,959
1,2,5,2018-09-18,959
2,2,5,2018-09-18,960
3,7,1,2018-09-18,960
2,6,2,2018-09-18,960
1,5,5,2018-09-18,960
2,3,1,2018-09-18,961
3,7,2,2018-09-18,961
1,10,5,2018-09-18,961
4,8,2,2018-09-18,961
1,7,4,2018-09-18,962
3,2,2,2018-09-18,962
2,8,5,2018-09-18,962
3,6,1,2018-09-18,962
2,9,2,2018-09-18,963
4,10,5,2018-09-18,963
2,5,4,2018-09-18,963
1,9,4,2018-09-18,963
1,8,2,2018-09-18,964
3,9,2,2018-09-18,964
4,8,1,2018-09-18,964
2,10,3,2018-09-18,964
1,1,1,2018-09-18,965
3,8,4,2018-09-18,965
1,8,1,2018-09-18,965
2,9,2,2018-09-18,965
4,4,1,2018-09-18,966
1,1,5,2018-09-18,966
1,7,3,2018-09-18,966
2,8,1,2018-09-18,966
2,10,3,2018-09-18,967
4,7,1,2018-09-18,967
1,9,3,2018-09-18,967
4,5,2,2018-09-18,967
2,1,4,2018-09-18,968
1,5,5,2018-09-18,968
2,4,2,2018-09-18,968
4,8,2,2018-09-18,968
1,7,4,2018-09-18,969
4,3,1,2018-09-18,969
2,4,4,2018-09-18,969
3,10,2,2018-09-18,969
2,2,3,2018-09-18,970
4,1,3,2018-09-18,970
2,7,4,2018-09-18,970
4,10,5,2018-09-18,970
2,4,4,2018-09-18,971
3,5,1,2018-09-18,971
2,1,4,2018-09-18,971
4,4,3,2018-09-18,971
1,3,2,2018-09-18,972
2,10,4,2018-09-18,972
3,6,5,2018-09-18,972
2,5,3,2018-09-18,972
1,8,3,2018-09-18,973
2,6,1,2018-09-18,973
4,4,2,2018-09-18,973
2,9,4,2018-09-18,973
3,6,2,2018-09-18,974
4,4,1,2018-09-18,974
2,2,3,2018-09-18,974
3,3,3,2018-09-18,974
4,9,2,2018-09-18,975
1,4,5,2018-09-18,975
3,2,1,2018-09-18,975
1,6,1,2018-09-18,975
3,2,5,2018-09-18,976
1,8,1,2018-09-18,976
1,4,5,2018-09-18,976
3,5,5,2018-09-18,976
4,7,5,2018-09-18,977
1,2,4,2018-09-18,977
4,1,3,2018-09-18,977
2,9,1,2018-09-18,977
1,1,5,2018-09-18,978
4,10,1,2018-09-18,978
4,7,4,2018-09-18,978
2,4,3,2018-09-18,978
3,5,3,2018-09-18,979
1,3,3,2018-09-18,979
1,8,1,2018-09-18,979
3,2,4,2018-09-18,979
2,3,1,2018-09-18,980
3,4,5,2018-09-18,980
2,8,3,2018-09-18,980
4,5,3,2018-09-18,980
1,6,1,2018-09-18,981
2,7,5,2018-09-18,981
2,10,2,2018-09-18,981
4,2,4,2018-09-18,981
3,9,2,2018-09-18,982
1,3,1,2018-09-18,982
2,3,3,2018-09-18,982
1,10,4,2018-09-18,982
1,10,5,2018-09-18,983
2,8,2,2018-09-18,983
4,1,1,2018-09-18,983
1,5,4,2018-09-18,983
1,2,1,2018-09-18,984
4,5,4,2018-09-18,984
4,9,2,2018-09-18,984
3,10,2,2018-09-18,984
3,4,5,2018-09-18,985
2,5,1,2018-09-18,985
3,9,1,2018-09-18,985
2,4,5,2018-09-18,985
4,4,5,2018-09-18,986
1,1,4,2018-09-18,986
3,2,1,2018-09-18,986
2,7,1,2018-09-18,986
2,10,4,2018-09-18,987
4,6,4,2018-09-18,987
1,1,3,2018-09-18,987
2,8,4,2018-09-18,987
1,10,3,2018-09-18,988
3,1,1,2018-09-18,988
2,1,4,2018-09-18,988
4,9,2,2018-09-18,988
3,9,2,2018-09-18,989
1,10,3,2018-09-18,989
2,7,1,2018-09-18,989
4,8,4,2018-09-18,989
4,4,3,2018-09-18,990
2,8,5,2018-09-18,990
2,6,5,2018-09-18,990
4,1,4,2018-09-18,990
2,7,5,2018-09-18,991
3,10,3,2018-09-18,991
3,5,3,2018-09-18,991
2,10,5,2018-09-18,991
4,8,2,2018-09-18,992
2,5,2,2018-09-18,992
2,4,3,2018-09-18,992
3,1,2,2018-09-18,992
2,8,5,2018-09-18,993
3,2,5,2018-09-18,993
4,6,5,2018-09-18,993
3,3,1,2018-09-18,993
3,8,1,2018-09-18,994
4,9,4,2018-09-18,994
4,9,2,2018-09-18,994
3,1,4,2018-09-18,994
1,3,5,2018-09-18,995
4,10,5,2018-09-18,995
2,3,5,2018-09-18,995
3,6,3,2018-09-18,995
4,6,2,2018-09-18,996
3,7,1,2018-09-18,996
1,8,2,2018-09-18,996
2,5,4,2018-09-18,996
4,2,4,2018-09-18,997
1,7,5,2018-09-18,997
4,8,4,2018-09-18,997
1,5,2,2018-09-18,997
3,9,2,2018-09-18,998
1,4,4,2018-09-18,998
1,5,4,2018-09-18,998
4,8,2,2018-09-18,998
2,1,1,2018-09-18,999
1,6,4,2018-09-18,999
3,1,2,2018-09-18,999
1,8,5,2018-09-18,999
3,7,3,2018-09-18,1000
4,10,2,2018-09-18,1000
3,1,1,2018-09-18,1000
4,2,2,2018-09-18,1000